,May,June,July,August,September,October,November
360 degree,0.0,0.0,0.0,0.0,0.0,0.0,0.0
3d,0.0,0.0,0.0,0.0,0.0,0.0,0.0
3D Printing,0.0,0.0,0.0,0.0,0.0,0.0,0.0
A+,0.0,0.0,0.0,0.0,0.0,0.0,0.0
A++,0.0,0.0,0.0,0.0,0.0,0.0,0.0
ABAP,0.0,0.0,0.0,0.0,0.0,0.0,0.0
ABC,0.0,0.0,0.0,0.0,0.0,0.0,0.0
ACC,0.0,0.0,0.0,0.0,0.0,0.0,0.0
Accent,0.0,0.0,0.0,0.0,0.0,0.0,0.0
access management,0.0,0.0,0.0,0.0,0.0,0.0,0.0
Accessibility,0.0,0.0,0.0,0.0,0.0,0.0,0.0
Accounting,0.0,0.0,0.0,0.0,0.0,0.0,0.0
ACI,0.0,0.0,0.0,0.0,0.0,0.0,0.0
Acrobat,0.0,0.0,0.0,0.0,0.0,0.0,0.0
ActionScript,0.0,0.0,0.0,0.0,0.0,0.0,0.0
Ada,0.0,0.0,0.0,0.0,0.0,0.0,0.0
adaptive design,0.0,0.0,0.0,0.0,0.0,0.0,0.0
Administrator,0.0,0.0,0.0,0.0,0.0,0.0,0.0
Adobe,0.0,0.0,0.0,0.0,0.0,0.0,0.0
ADP,0.0,0.0,0.0,0.0,0.0,0.0,0.0
adtech,0.0,0.0,0.0,0.0,0.0,0.0,0.0
advertising,0.0,0.0,0.0,0.0,0.0,0.0,0.0
aeronautics,0.0,0.0,0.0,0.0,0.0,0.0,0.0
Aerospace,0.0,0.0,0.0,0.0,0.0,0.0,0.0
affiliate,0.0,0.0,0.0,0.0,0.0,0.0,0.0
Agile,0.0,0.0,0.0,0.0,0.0,0.0,0.0
Agora,0.0,0.0,0.0,0.0,0.0,0.0,0.0
agriculture,0.0,0.0,0.0,0.0,0.0,0.0,0.0
ai,0.0,0.0,0.0,0.0,0.0,0.0,0.0
air traffic,0.0,0.0,0.0,0.0,0.0,0.0,0.0
algorithm,0.0,0.0,0.0,0.0,0.0,0.0,0.0
Alice,0.0,0.0,0.0,0.0,0.0,0.0,0.0
Allscripts,0.0,0.0,0.0,0.0,0.0,0.0,0.0
Amazon,0.0,0.0,0.0,0.0,0.0,0.0,0.0
Analytics,0.0,0.0,0.0,0.0,0.0,0.0,0.0
Android,0.0,0.0,0.0,0.0,0.0,0.0,0.0
AngularJS,0.0,0.0,0.0,0.0,0.0,0.0,0.0
animation,0.0,0.0,0.0,0.0,0.0,0.0,0.0
Anomaly Detection,0.0,0.0,0.0,0.0,0.0,0.0,0.0
ANSYS,0.0,0.0,0.0,0.0,0.0,0.0,0.0
Apache,0.0,0.0,0.0,0.0,0.0,0.0,0.0
Apache Spark,0.0,0.0,0.0,0.0,0.0,0.0,0.0
API,0.0,0.0,0.0,0.0,0.0,0.0,0.0
APL,0.0,0.0,0.0,0.0,0.0,0.0,0.0
app,0.0,0.0,0.0,0.0,0.0,0.0,0.0
Apple,0.0,0.0,0.0,0.0,0.0,0.0,0.0
AppleScript,0.0,0.0,0.0,0.0,0.0,0.0,0.0
Applicant Tracking,0.0,0.0,0.0,0.0,0.0,0.0,0.0
application lifecycle,0.0,0.0,0.0,0.0,0.0,0.0,0.0
appraisal,0.0,0.0,0.0,0.0,0.0,0.0,0.0
AR,0.0,0.0,0.0,0.0,0.0,0.0,0.0
Arc,0.0,0.0,0.0,0.0,0.0,0.0,0.0
ArcGIS,0.0,0.0,0.0,0.0,0.0,0.0,0.0
Archaeology,0.0,0.0,0.0,0.0,0.0,0.0,0.0
Architecture,0.0,0.0,0.0,0.0,0.0,0.0,0.0
archives,0.0,0.0,0.0,0.0,0.0,0.0,0.0
Argus,0.0,0.0,0.0,0.0,0.0,0.0,0.0
artificial intelligence,0.0,0.0,0.0,0.0,0.0,0.0,0.0
Artificial Neural Networks,0.0,0.0,0.0,0.0,0.0,0.0,0.0
Assembler,0.0,0.0,0.0,0.0,0.0,0.0,0.0
asset management,0.0,0.0,0.0,0.0,0.0,0.0,0.0
assets management,0.0,0.0,0.0,0.0,0.0,0.0,0.0
Astronomy,0.0,0.0,0.0,0.0,0.0,0.0,0.0
Athenahealth,0.0,0.0,0.0,0.0,0.0,0.0,0.0
ATS,0.0,0.0,0.0,0.0,0.0,0.0,0.0
Attendance Tracking,0.0,0.0,0.0,0.0,0.0,0.0,0.0
audio editing,0.0,0.0,0.0,0.0,0.0,0.0,0.0
Authentication,0.0,0.0,0.0,0.0,0.0,0.0,0.0
authoring,0.0,0.0,0.0,0.0,0.0,0.0,0.0
Auto Dialer,0.0,0.0,0.0,0.0,0.0,0.0,0.0
Autodesk,0.0,0.0,0.0,0.0,0.0,0.0,0.0
AutoHotkey,0.0,0.0,0.0,0.0,0.0,0.0,0.0
AutoIt,0.0,0.0,0.0,0.0,0.0,0.0,0.0
automation,0.0,0.0,0.0,0.0,0.0,0.0,0.0
Avaya,0.0,0.0,0.0,0.0,0.0,0.0,0.0
AWK,0.0,0.0,0.0,0.0,0.0,0.0,0.0
AWS,0.0,0.0,0.0,0.0,0.0,0.0,0.0
Axiom,0.0,0.0,0.0,0.0,0.0,0.0,0.0
Azure,0.0,0.0,0.0,0.0,0.0,0.0,0.0
Bagging,0.0,0.0,0.0,0.0,0.0,0.0,0.0
banking,0.0,0.0,0.0,0.0,0.0,0.0,0.0
Bash,0.0,0.0,0.0,0.0,0.0,0.0,0.0
Batch,0.0,0.0,0.0,0.0,0.0,0.0,0.0
bc,0.0,0.0,0.0,0.0,0.0,0.0,0.0
Bentley,0.0,0.0,0.0,0.0,0.0,0.0,0.0
BETA,0.0,0.0,0.0,0.0,0.0,0.0,0.0
beta testing,0.0,0.0,0.0,0.0,0.0,0.0,0.0
beverage,0.0,0.0,0.0,0.0,0.0,0.0,0.0
bi,0.0,0.0,0.0,0.0,0.0,0.0,0.0
bias,0.0,0.0,0.0,0.0,0.0,0.0,0.0
Billing support,0.0,0.0,0.0,0.0,0.0,0.0,0.0
biology,0.0,0.0,0.0,0.0,0.0,0.0,0.0
biotech,0.0,0.0,0.0,0.0,0.0,0.0,0.0
bitcoin,0.0,0.0,0.0,0.0,0.0,0.0,0.0
Blackboard,0.0,0.0,0.0,0.0,0.0,0.0,0.0
BLISS,0.0,0.0,0.0,0.0,0.0,0.0,0.0
Blockchain,0.0,0.0,0.0,0.0,0.0,0.0,0.0
blogging,0.0,0.0,0.0,0.0,0.0,0.0,0.0
Blue,0.0,0.0,0.0,0.0,0.0,0.0,0.0
BMC,0.0,0.0,0.0,0.0,0.0,0.0,0.0
Board Management,0.0,0.0,0.0,0.0,0.0,0.0,0.0
Bon,0.0,0.0,0.0,0.0,0.0,0.0,0.0
bookkeeping,0.0,0.0,0.0,0.0,0.0,0.0,0.0
bot,0.0,0.0,0.0,0.0,0.0,0.0,0.0
Bourne shell,0.0,0.0,0.0,0.0,0.0,0.0,0.0
brand,0.0,0.0,0.0,0.0,0.0,0.0,0.0
BREW,0.0,0.0,0.0,0.0,0.0,0.0,0.0
budget,0.0,0.0,0.0,0.0,0.0,0.0,0.0
Bug,0.0,0.0,0.0,0.0,0.0,0.0,0.0
Bulk data,0.0,0.0,0.0,0.0,0.0,0.0,0.0
business,0.0,0.0,0.0,0.0,0.0,0.0,0.0
business analytics,0.0,0.0,0.0,0.0,0.0,0.0,0.0
Business development,0.0,0.0,0.0,0.0,0.0,0.0,0.0
C,0.0,0.0,0.0,0.0,0.0,0.0,0.0
C#,0.0,0.0,0.0,0.0,0.0,0.0,0.0
C++,0.0,0.0,0.0,0.0,0.0,0.0,0.0
cad,0.0,0.0,0.0,0.0,0.0,0.0,0.0
cae,0.0,0.0,0.0,0.0,0.0,0.0,0.0
calculator,0.0,0.0,0.0,0.0,0.0,0.0,0.0
call center,0.0,0.0,0.0,0.0,0.0,0.0,0.0
cam,0.0,0.0,0.0,0.0,0.0,0.0,0.0
Candle,0.0,0.0,0.0,0.0,0.0,0.0,0.0
Cannabis,0.0,0.0,0.0,0.0,0.0,0.0,0.0
Canonical,0.0,0.0,0.0,0.0,0.0,0.0,0.0
CBD,0.0,0.0,0.0,0.0,0.0,0.0,0.0
Cecil,0.0,0.0,0.0,0.0,0.0,0.0,0.0
Cerner,0.0,0.0,0.0,0.0,0.0,0.0,0.0
Cg,0.0,0.0,0.0,0.0,0.0,0.0,0.0
Ch,0.0,0.0,0.0,0.0,0.0,0.0,0.0
CHAIN,0.0,0.0,0.0,0.0,0.0,0.0,0.0
change management,0.0,0.0,0.0,0.0,0.0,0.0,0.0
Chapel,0.0,0.0,0.0,0.0,0.0,0.0,0.0
Charity,0.0,0.0,0.0,0.0,0.0,0.0,0.0
Charm,0.0,0.0,0.0,0.0,0.0,0.0,0.0
chart,0.0,0.0,0.0,0.0,0.0,0.0,0.0
Chef,0.0,0.0,0.0,0.0,0.0,0.0,0.0
Chemistry,0.0,0.0,0.0,0.0,0.0,0.0,0.0
Child Care,0.0,0.0,0.0,0.0,0.0,0.0,0.0
CHILL,0.0,0.0,0.0,0.0,0.0,0.0,0.0
Chrome,0.0,0.0,0.0,0.0,0.0,0.0,0.0
ChucK,0.0,0.0,0.0,0.0,0.0,0.0,0.0
church,0.0,0.0,0.0,0.0,0.0,0.0,0.0
CICS,0.0,0.0,0.0,0.0,0.0,0.0,0.0
CIL,0.0,0.0,0.0,0.0,0.0,0.0,0.0
Cisco,0.0,0.0,0.0,0.0,0.0,0.0,0.0
Citrix,0.0,0.0,0.0,0.0,0.0,0.0,0.0
CL,0.0,0.0,0.0,0.0,0.0,0.0,0.0
Claire,0.0,0.0,0.0,0.0,0.0,0.0,0.0
classification,0.0,0.0,0.0,0.0,0.0,0.0,0.0
Clean,0.0,0.0,0.0,0.0,0.0,0.0,0.0
climate,0.0,0.0,0.0,0.0,0.0,0.0,0.0
Clinical Trial,0.0,0.0,0.0,0.0,0.0,0.0,0.0
CLIST,0.0,0.0,0.0,0.0,0.0,0.0,0.0
Clojure,0.0,0.0,0.0,0.0,0.0,0.0,0.0
cloud,0.0,0.0,0.0,0.0,0.0,0.0,0.0
clustering,0.0,0.0,0.0,0.0,0.0,0.0,0.0
CMMS,0.0,0.0,0.0,0.0,0.0,0.0,0.0
CMS,0.0,0.0,0.0,0.0,0.0,0.0,0.0
cnn,0.0,0.0,0.0,0.0,0.0,0.0,0.0
COBOL,0.0,0.0,0.0,0.0,0.0,0.0,0.0
Cobra,0.0,0.0,0.0,0.0,0.0,0.0,0.0
Code Repository,0.0,0.0,0.0,0.0,0.0,0.0,0.0
Cola,0.0,0.0,0.0,0.0,0.0,0.0,0.0
ColdFusion,0.0,0.0,0.0,0.0,0.0,0.0,0.0
Collaboration,0.0,0.0,0.0,0.0,0.0,0.0,0.0
comms,0.0,0.0,0.0,0.0,0.0,0.0,0.0
Communications,0.0,0.0,0.0,0.0,0.0,0.0,0.0
CommVault,0.0,0.0,0.0,0.0,0.0,0.0,0.0
COMPASS,0.0,0.0,0.0,0.0,0.0,0.0,0.0
Compliance,0.0,0.0,0.0,0.0,0.0,0.0,0.0
Compression,0.0,0.0,0.0,0.0,0.0,0.0,0.0
computational linguistics,0.0,0.0,0.0,0.0,0.0,0.0,0.0
Computer Vision,0.0,0.0,0.0,0.0,0.0,0.0,0.0
Concur,0.0,0.0,0.0,0.0,0.0,0.0,0.0
conference,0.0,0.0,0.0,0.0,0.0,0.0,0.0
conferencing,0.0,0.0,0.0,0.0,0.0,0.0,0.0
Constellation Software,0.0,0.0,0.0,0.0,0.0,0.0,0.0
consumer need,0.0,0.0,0.0,0.0,0.0,0.0,0.0
Content Analytics,0.0,0.0,0.0,0.0,0.0,0.0,0.0
Content Marketing,0.0,0.0,0.0,0.0,0.0,0.0,0.0
content production,0.0,0.0,0.0,0.0,0.0,0.0,0.0
content server,0.0,0.0,0.0,0.0,0.0,0.0,0.0
Content Strategy,0.0,0.0,0.0,0.0,0.0,0.0,0.0
Converge,0.0,0.0,0.0,0.0,0.0,0.0,0.0
convolutional neural network,0.0,0.0,0.0,0.0,0.0,0.0,0.0
Cool,0.0,0.0,0.0,0.0,0.0,0.0,0.0
Coq,0.0,0.0,0.0,0.0,0.0,0.0,0.0
Corn,0.0,0.0,0.0,0.0,0.0,0.0,0.0
Corporate management,0.0,0.0,0.0,0.0,0.0,0.0,0.0
Corporate Training,0.0,0.0,0.0,0.0,0.0,0.0,0.0
correlation,0.0,0.0,0.0,0.0,0.0,0.0,0.0
Cpanel,0.0,0.0,0.0,0.0,0.0,0.0,0.0
CPL,0.0,0.0,0.0,0.0,0.0,0.0,0.0
critical path,0.0,0.0,0.0,0.0,0.0,0.0,0.0
Cross Validation,0.0,0.0,0.0,0.0,0.0,0.0,0.0
crypto,0.0,0.0,0.0,0.0,0.0,0.0,0.0
cryptography,0.0,0.0,0.0,0.0,0.0,0.0,0.0
csh,0.0,0.0,0.0,0.0,0.0,0.0,0.0
CSP,0.0,0.0,0.0,0.0,0.0,0.0,0.0
CSS,0.0,0.0,0.0,0.0,0.0,0.0,0.0
CUDA,0.0,0.0,0.0,0.0,0.0,0.0,0.0
Curl,0.0,0.0,0.0,0.0,0.0,0.0,0.0
customer care,0.0,0.0,0.0,0.0,0.0,0.0,0.0
Customer Engagement,0.0,0.0,0.0,0.0,0.0,0.0,0.0
Customer Experience,0.0,0.0,0.0,0.0,0.0,0.0,0.0
Customer Service,0.0,0.0,0.0,0.0,0.0,0.0,0.0
cyber,0.0,0.0,0.0,0.0,0.0,0.0,0.0
cybernetics,0.0,0.0,0.0,0.0,0.0,0.0,0.0
Cyclone,0.0,0.0,0.0,0.0,0.0,0.0,0.0
D3,0.0,0.0,0.0,0.0,0.0,0.0,0.0
daas,0.0,0.0,0.0,0.0,0.0,0.0,0.0
Dart,0.0,0.0,0.0,0.0,0.0,0.0,0.0
dashboard,0.0,0.0,0.0,0.0,0.0,0.0,0.0
Dassault,0.0,0.0,0.0,0.0,0.0,0.0,0.0
Data access,0.0,0.0,0.0,0.0,0.0,0.0,0.0
Data Analytics,0.0,0.0,0.0,0.0,0.0,0.0,0.0
data delivery,0.0,0.0,0.0,0.0,0.0,0.0,0.0
data discovery,0.0,0.0,0.0,0.0,0.0,0.0,0.0
data driven decision making,0.0,0.0,0.0,0.0,0.0,0.0,0.0
data driven design,0.0,0.0,0.0,0.0,0.0,0.0,0.0
data engineering,0.0,0.0,0.0,0.0,0.0,0.0,0.0
data entry,0.0,0.0,0.0,0.0,0.0,0.0,0.0
Data format conversion,0.0,0.0,0.0,0.0,0.0,0.0,0.0
Data Integration,0.0,0.0,0.0,0.0,0.0,0.0,0.0
data lake,0.0,0.0,0.0,0.0,0.0,0.0,0.0
Data mining,0.0,0.0,0.0,0.0,0.0,0.0,0.0
data science,0.0,0.0,0.0,0.0,0.0,0.0,0.0
Data Security,0.0,0.0,0.0,0.0,0.0,0.0,0.0
data server,0.0,0.0,0.0,0.0,0.0,0.0,0.0
data strategy,0.0,0.0,0.0,0.0,0.0,0.0,0.0
data structure,0.0,0.0,0.0,0.0,0.0,0.0,0.0
Data Visualization,0.0,0.0,0.0,0.0,0.0,0.0,0.0
data wrangling,0.0,0.0,0.0,0.0,0.0,0.0,0.0
Database servers,0.0,0.0,0.0,0.0,0.0,0.0,0.0
dc,0.0,0.0,0.0,0.0,0.0,0.0,0.0
DCL,0.0,0.0,0.0,0.0,0.0,0.0,0.0
Debian,0.0,0.0,0.0,0.0,0.0,0.0,0.0
debugger,0.0,0.0,0.0,0.0,0.0,0.0,0.0
debugging,0.0,0.0,0.0,0.0,0.0,0.0,0.0
decision support system,0.0,0.0,0.0,0.0,0.0,0.0,0.0
Decision Tree,0.0,0.0,0.0,0.0,0.0,0.0,0.0
deep learning,0.0,0.0,0.0,0.0,0.0,0.0,0.0
deep neural network,0.0,0.0,0.0,0.0,0.0,0.0,0.0
Dell,0.0,0.0,0.0,0.0,0.0,0.0,0.0
Delphi,0.0,0.0,0.0,0.0,0.0,0.0,0.0
demo,0.0,0.0,0.0,0.0,0.0,0.0,0.0
derivative,0.0,0.0,0.0,0.0,0.0,0.0,0.0
design,0.0,0.0,0.0,0.0,0.0,0.0,0.0
design thinking,0.0,0.0,0.0,0.0,0.0,0.0,0.0
Desktop Publishing,0.0,0.0,0.0,0.0,0.0,0.0,0.0
Development environment,0.0,0.0,0.0,0.0,0.0,0.0,0.0
development sprint,0.0,0.0,0.0,0.0,0.0,0.0,0.0
device control,0.0,0.0,0.0,0.0,0.0,0.0,0.0
devops,0.0,0.0,0.0,0.0,0.0,0.0,0.0
Diagnostics,0.0,0.0,0.0,0.0,0.0,0.0,0.0
Dictation,0.0,0.0,0.0,0.0,0.0,0.0,0.0
digital asset,0.0,0.0,0.0,0.0,0.0,0.0,0.0
Digital Commerce,0.0,0.0,0.0,0.0,0.0,0.0,0.0
Digital Signage,0.0,0.0,0.0,0.0,0.0,0.0,0.0
dimension reduction,0.0,0.0,0.0,0.0,0.0,0.0,0.0
Dimensionality Reduction,0.0,0.0,0.0,0.0,0.0,0.0,0.0
disassemblers,0.0,0.0,0.0,0.0,0.0,0.0,0.0
Docker,0.0,0.0,0.0,0.0,0.0,0.0,0.0
docker container,0.0,0.0,0.0,0.0,0.0,0.0,0.0
Document Management,0.0,0.0,0.0,0.0,0.0,0.0,0.0
document sharing,0.0,0.0,0.0,0.0,0.0,0.0,0.0
Dog,0.0,0.0,0.0,0.0,0.0,0.0,0.0
drafting tools,0.0,0.0,0.0,0.0,0.0,0.0,0.0
Drupal,0.0,0.0,0.0,0.0,0.0,0.0,0.0
dvd,0.0,0.0,0.0,0.0,0.0,0.0,0.0
DYNAMO,0.0,0.0,0.0,0.0,0.0,0.0,0.0
earth sciences,0.0,0.0,0.0,0.0,0.0,0.0,0.0
Ease,0.0,0.0,0.0,0.0,0.0,0.0,0.0
Eclipse,0.0,0.0,0.0,0.0,0.0,0.0,0.0
ECMAScript,0.0,0.0,0.0,0.0,0.0,0.0,0.0
ecology,0.0,0.0,0.0,0.0,0.0,0.0,0.0
eCommerce Solutions,0.0,0.0,0.0,0.0,0.0,0.0,0.0
econometrics,0.0,0.0,0.0,0.0,0.0,0.0,0.0
Edge,0.0,0.0,0.0,0.0,0.0,0.0,0.0
editors,0.0,0.0,0.0,0.0,0.0,0.0,0.0
ELAN,0.0,0.0,0.0,0.0,0.0,0.0,0.0
Elixir,0.0,0.0,0.0,0.0,0.0,0.0,0.0
Elm,0.0,0.0,0.0,0.0,0.0,0.0,0.0
Email,0.0,0.0,0.0,0.0,0.0,0.0,0.0
Email Data,0.0,0.0,0.0,0.0,0.0,0.0,0.0
Email Marketing,0.0,0.0,0.0,0.0,0.0,0.0,0.0
Email servers,0.0,0.0,0.0,0.0,0.0,0.0,0.0
Embedded software,0.0,0.0,0.0,0.0,0.0,0.0,0.0
EMC,0.0,0.0,0.0,0.0,0.0,0.0,0.0
Emerald,0.0,0.0,0.0,0.0,0.0,0.0,0.0
Employee Wellness,0.0,0.0,0.0,0.0,0.0,0.0,0.0
Emulation,0.0,0.0,0.0,0.0,0.0,0.0,0.0
encryption,0.0,0.0,0.0,0.0,0.0,0.0,0.0
Endpoint Security,0.0,0.0,0.0,0.0,0.0,0.0,0.0
Engineering analysis,0.0,0.0,0.0,0.0,0.0,0.0,0.0
Enterprise Applications,0.0,0.0,0.0,0.0,0.0,0.0,0.0
Enterprise asset management,0.0,0.0,0.0,0.0,0.0,0.0,0.0
Enterprise cloud,0.0,0.0,0.0,0.0,0.0,0.0,0.0
Enterprise Linux,0.0,0.0,0.0,0.0,0.0,0.0,0.0
Enterprise Mobility,0.0,0.0,0.0,0.0,0.0,0.0,0.0
Enterprise System,0.0,0.0,0.0,0.0,0.0,0.0,0.0
entertainment,0.0,0.0,0.0,0.0,0.0,0.0,0.0
Epic Systems,0.0,0.0,0.0,0.0,0.0,0.0,0.0
Epicor,0.0,0.0,0.0,0.0,0.0,0.0,0.0
Erlang,0.0,0.0,0.0,0.0,0.0,0.0,0.0
es,0.0,0.0,0.0,0.0,0.0,0.0,0.0
ESET,0.0,0.0,0.0,0.0,0.0,0.0,0.0
Esri,0.0,0.0,0.0,0.0,0.0,0.0,0.0
Euclid,0.0,0.0,0.0,0.0,0.0,0.0,0.0
Euphoria,0.0,0.0,0.0,0.0,0.0,0.0,0.0
expense reporting,0.0,0.0,0.0,0.0,0.0,0.0,0.0
F,0.0,0.0,0.0,0.0,0.0,0.0,0.0
F#,0.0,0.0,0.0,0.0,0.0,0.0,0.0
F5,0.0,0.0,0.0,0.0,0.0,0.0,0.0
Face Detection,0.0,0.0,0.0,0.0,0.0,0.0,0.0
Facilities management,0.0,0.0,0.0,0.0,0.0,0.0,0.0
facility management,0.0,0.0,0.0,0.0,0.0,0.0,0.0
Factor,0.0,0.0,0.0,0.0,0.0,0.0,0.0
Factor Analysis,0.0,0.0,0.0,0.0,0.0,0.0,0.0
Falcon,0.0,0.0,0.0,0.0,0.0,0.0,0.0
Fancy,0.0,0.0,0.0,0.0,0.0,0.0,0.0
Fashion,0.0,0.0,0.0,0.0,0.0,0.0,0.0
fax,0.0,0.0,0.0,0.0,0.0,0.0,0.0
feature engineering,0.0,0.0,0.0,0.0,0.0,0.0,0.0
Feature Extraction,0.0,0.0,0.0,0.0,0.0,0.0,0.0
Fedora,0.0,0.0,0.0,0.0,0.0,0.0,0.0
feedback,0.0,0.0,0.0,0.0,0.0,0.0,0.0
Felix,0.0,0.0,0.0,0.0,0.0,0.0,0.0
Ffmpeg,0.0,0.0,0.0,0.0,0.0,0.0,0.0
FICO,0.0,0.0,0.0,0.0,0.0,0.0,0.0
file transfer,0.0,0.0,0.0,0.0,0.0,0.0,0.0
film production,0.0,0.0,0.0,0.0,0.0,0.0,0.0
finance,0.0,0.0,0.0,0.0,0.0,0.0,0.0
financial,0.0,0.0,0.0,0.0,0.0,0.0,0.0
Financial analysis,0.0,0.0,0.0,0.0,0.0,0.0,0.0
Financial Reporting,0.0,0.0,0.0,0.0,0.0,0.0,0.0
Financial Services,0.0,0.0,0.0,0.0,0.0,0.0,0.0
fintech,0.0,0.0,0.0,0.0,0.0,0.0,0.0
Firefox,0.0,0.0,0.0,0.0,0.0,0.0,0.0
firewall,0.0,0.0,0.0,0.0,0.0,0.0,0.0
Firmware,0.0,0.0,0.0,0.0,0.0,0.0,0.0
FIS,0.0,0.0,0.0,0.0,0.0,0.0,0.0
Fiserv,0.0,0.0,0.0,0.0,0.0,0.0,0.0
fitness,0.0,0.0,0.0,0.0,0.0,0.0,0.0
FL,0.0,0.0,0.0,0.0,0.0,0.0,0.0
Flavors,0.0,0.0,0.0,0.0,0.0,0.0,0.0
Flex,0.0,0.0,0.0,0.0,0.0,0.0,0.0
FOCAL,0.0,0.0,0.0,0.0,0.0,0.0,0.0
FOIL,0.0,0.0,0.0,0.0,0.0,0.0,0.0
forecasting,0.0,0.0,0.0,0.0,0.0,0.0,0.0
foreign exchange,0.0,0.0,0.0,0.0,0.0,0.0,0.0
Forth,0.0,0.0,0.0,0.0,0.0,0.0,0.0
Fortran,0.0,0.0,0.0,0.0,0.0,0.0,0.0
Fortress,0.0,0.0,0.0,0.0,0.0,0.0,0.0
FoxPro,0.0,0.0,0.0,0.0,0.0,0.0,0.0
FP,0.0,0.0,0.0,0.0,0.0,0.0,0.0
fraud,0.0,0.0,0.0,0.0,0.0,0.0,0.0
Fraud Detection,0.0,0.0,0.0,0.0,0.0,0.0,0.0
Freebsd,0.0,0.0,0.0,0.0,0.0,0.0,0.0
ftp,0.0,0.0,0.0,0.0,0.0,0.0,0.0
Fujitsu,0.0,0.0,0.0,0.0,0.0,0.0,0.0
fundraising,0.0,0.0,0.0,0.0,0.0,0.0,0.0
fx,0.0,0.0,0.0,0.0,0.0,0.0,0.0
game,0.0,0.0,0.0,0.0,0.0,0.0,0.0
GAP,0.0,0.0,0.0,0.0,0.0,0.0,0.0
gas,0.0,0.0,0.0,0.0,0.0,0.0,0.0
GATE,0.0,0.0,0.0,0.0,0.0,0.0,0.0
GE Healthcare,0.0,0.0,0.0,0.0,0.0,0.0,0.0
Genesys,0.0,0.0,0.0,0.0,0.0,0.0,0.0
genetics,0.0,0.0,0.0,0.0,0.0,0.0,0.0
Genie,0.0,0.0,0.0,0.0,0.0,0.0,0.0
Geographic Information System,0.0,0.0,0.0,0.0,0.0,0.0,0.0
geographical,0.0,0.0,0.0,0.0,0.0,0.0,0.0
Geographical information systems,0.0,0.0,0.0,0.0,0.0,0.0,0.0
geography,0.0,0.0,0.0,0.0,0.0,0.0,0.0
GEORGE,0.0,0.0,0.0,0.0,0.0,0.0,0.0
GIS,0.0,0.0,0.0,0.0,0.0,0.0,0.0
GM,0.0,0.0,0.0,0.0,0.0,0.0,0.0
GMM,0.0,0.0,0.0,0.0,0.0,0.0,0.0
GNU,0.0,0.0,0.0,0.0,0.0,0.0,0.0
Go,0.0,0.0,0.0,0.0,0.0,0.0,0.0
Goo,0.0,0.0,0.0,0.0,0.0,0.0,0.0
Google,0.0,0.0,0.0,0.0,0.0,0.0,0.0
Google AI,0.0,0.0,0.0,0.0,0.0,0.0,0.0
Google Apps Script,0.0,0.0,0.0,0.0,0.0,0.0,0.0
government,0.0,0.0,0.0,0.0,0.0,0.0,0.0
gpu,0.0,0.0,0.0,0.0,0.0,0.0,0.0
gpu acceleration,0.0,0.0,0.0,0.0,0.0,0.0,0.0
gradient boosting,0.0,0.0,0.0,0.0,0.0,0.0,0.0
gradient descent,0.0,0.0,0.0,0.0,0.0,0.0,0.0
Graphic Design,0.0,0.0,0.0,0.0,0.0,0.0,0.0
graphics editing,0.0,0.0,0.0,0.0,0.0,0.0,0.0
GRASS,0.0,0.0,0.0,0.0,0.0,0.0,0.0
Groovy,0.0,0.0,0.0,0.0,0.0,0.0,0.0
growth hacking,0.0,0.0,0.0,0.0,0.0,0.0,0.0
GSuite,0.0,0.0,0.0,0.0,0.0,0.0,0.0
H2O,0.0,0.0,0.0,0.0,0.0,0.0,0.0
Hardware,0.0,0.0,0.0,0.0,0.0,0.0,0.0
Haskell,0.0,0.0,0.0,0.0,0.0,0.0,0.0
Haxe,0.0,0.0,0.0,0.0,0.0,0.0,0.0
hci,0.0,0.0,0.0,0.0,0.0,0.0,0.0
health care,0.0,0.0,0.0,0.0,0.0,0.0,0.0
health tech,0.0,0.0,0.0,0.0,0.0,0.0,0.0
help desk,0.0,0.0,0.0,0.0,0.0,0.0,0.0
Hexagon,0.0,0.0,0.0,0.0,0.0,0.0,0.0
Hierarchical Clustering,0.0,0.0,0.0,0.0,0.0,0.0,0.0
Hitachi,0.0,0.0,0.0,0.0,0.0,0.0,0.0
Hop,0.0,0.0,0.0,0.0,0.0,0.0,0.0
Hope,0.0,0.0,0.0,0.0,0.0,0.0,0.0
Hospital management,0.0,0.0,0.0,0.0,0.0,0.0,0.0
hospitality,0.0,0.0,0.0,0.0,0.0,0.0,0.0
hotel,0.0,0.0,0.0,0.0,0.0,0.0,0.0
HP,0.0,0.0,0.0,0.0,0.0,0.0,0.0
hr,0.0,0.0,0.0,0.0,0.0,0.0,0.0
HTML,0.0,0.0,0.0,0.0,0.0,0.0,0.0
Huawei,0.0,0.0,0.0,0.0,0.0,0.0,0.0
Hugo,0.0,0.0,0.0,0.0,0.0,0.0,0.0
human capital,0.0,0.0,0.0,0.0,0.0,0.0,0.0
human centered design,0.0,0.0,0.0,0.0,0.0,0.0,0.0
human computer interaction,0.0,0.0,0.0,0.0,0.0,0.0,0.0
Human Resources,0.0,0.0,0.0,0.0,0.0,0.0,0.0
IaaS,0.0,0.0,0.0,0.0,0.0,0.0,0.0
IBM,0.0,0.0,0.0,0.0,0.0,0.0,0.0
IBM Watson,0.0,0.0,0.0,0.0,0.0,0.0,0.0
ICI,0.0,0.0,0.0,0.0,0.0,0.0,0.0
Icon,0.0,0.0,0.0,0.0,0.0,0.0,0.0
Id,0.0,0.0,0.0,0.0,0.0,0.0,0.0
IDL,0.0,0.0,0.0,0.0,0.0,0.0,0.0
IE,0.0,0.0,0.0,0.0,0.0,0.0,0.0
Image Editing,0.0,0.0,0.0,0.0,0.0,0.0,0.0
Image processing,0.0,0.0,0.0,0.0,0.0,0.0,0.0
IMP,0.0,0.0,0.0,0.0,0.0,0.0,0.0
implementation tools,0.0,0.0,0.0,0.0,0.0,0.0,0.0
Indesign,0.0,0.0,0.0,0.0,0.0,0.0,0.0
Industry Specific,0.0,0.0,0.0,0.0,0.0,0.0,0.0
infographics,0.0,0.0,0.0,0.0,0.0,0.0,0.0
Infor,0.0,0.0,0.0,0.0,0.0,0.0,0.0
Inform,0.0,0.0,0.0,0.0,0.0,0.0,0.0
Informatica,0.0,0.0,0.0,0.0,0.0,0.0,0.0
Information management,0.0,0.0,0.0,0.0,0.0,0.0,0.0
Information resources,0.0,0.0,0.0,0.0,0.0,0.0,0.0
information system,0.0,0.0,0.0,0.0,0.0,0.0,0.0
Infosys,0.0,0.0,0.0,0.0,0.0,0.0,0.0
installer,0.0,0.0,0.0,0.0,0.0,0.0,0.0
instant messaging,0.0,0.0,0.0,0.0,0.0,0.0,0.0
integration,0.0,0.0,0.0,0.0,0.0,0.0,0.0
Intel,0.0,0.0,0.0,0.0,0.0,0.0,0.0
interaction design,0.0,0.0,0.0,0.0,0.0,0.0,0.0
Internal Communications,0.0,0.0,0.0,0.0,0.0,0.0,0.0
Internet Explorer,0.0,0.0,0.0,0.0,0.0,0.0,0.0
interpreters,0.0,0.0,0.0,0.0,0.0,0.0,0.0
InterSystems,0.0,0.0,0.0,0.0,0.0,0.0,0.0
Intuit,0.0,0.0,0.0,0.0,0.0,0.0,0.0
inventory,0.0,0.0,0.0,0.0,0.0,0.0,0.0
investing,0.0,0.0,0.0,0.0,0.0,0.0,0.0
Investment Management,0.0,0.0,0.0,0.0,0.0,0.0,0.0
invoicing,0.0,0.0,0.0,0.0,0.0,0.0,0.0
Io,0.0,0.0,0.0,0.0,0.0,0.0,0.0
iPaaS,0.0,0.0,0.0,0.0,0.0,0.0,0.0
iteration,0.0,0.0,0.0,0.0,0.0,0.0,0.0
Itunes,0.0,0.0,0.0,0.0,0.0,0.0,0.0
J,0.0,0.0,0.0,0.0,0.0,0.0,0.0
JADE,0.0,0.0,0.0,0.0,0.0,0.0,0.0
Janus,0.0,0.0,0.0,0.0,0.0,0.0,0.0
Java,0.0,0.0,0.0,0.0,0.0,0.0,0.0
JavaScript,0.0,0.0,0.0,0.0,0.0,0.0,0.0
JCL,0.0,0.0,0.0,0.0,0.0,0.0,0.0
JDA Software,0.0,0.0,0.0,0.0,0.0,0.0,0.0
JEAN,0.0,0.0,0.0,0.0,0.0,0.0,0.0
Jenkins,0.0,0.0,0.0,0.0,0.0,0.0,0.0
Job search,0.0,0.0,0.0,0.0,0.0,0.0,0.0
Joomla,0.0,0.0,0.0,0.0,0.0,0.0,0.0
JOVIAL,0.0,0.0,0.0,0.0,0.0,0.0,0.0
Joy,0.0,0.0,0.0,0.0,0.0,0.0,0.0
JScript,0.0,0.0,0.0,0.0,0.0,0.0,0.0
Julia,0.0,0.0,0.0,0.0,0.0,0.0,0.0
Juniper,0.0,0.0,0.0,0.0,0.0,0.0,0.0
Jupyter,0.0,0.0,0.0,0.0,0.0,0.0,0.0
Jupyter Notebook,0.0,0.0,0.0,0.0,0.0,0.0,0.0
JWT,0.0,0.0,0.0,0.0,0.0,0.0,0.0
K,0.0,0.0,0.0,0.0,0.0,0.0,0.0
Kaggle,0.0,0.0,0.0,0.0,0.0,0.0,0.0
kanban,0.0,0.0,0.0,0.0,0.0,0.0,0.0
Kaspersky,0.0,0.0,0.0,0.0,0.0,0.0,0.0
keras,0.0,0.0,0.0,0.0,0.0,0.0,0.0
kernels,0.0,0.0,0.0,0.0,0.0,0.0,0.0
knn,0.0,0.0,0.0,0.0,0.0,0.0,0.0
knowledge engineering,0.0,0.0,0.0,0.0,0.0,0.0,0.0
Knowledge Management,0.0,0.0,0.0,0.0,0.0,0.0,0.0
Kotlin,0.0,0.0,0.0,0.0,0.0,0.0,0.0
Kronos,0.0,0.0,0.0,0.0,0.0,0.0,0.0
ksh,0.0,0.0,0.0,0.0,0.0,0.0,0.0
L,0.0,0.0,0.0,0.0,0.0,0.0,0.0
L2,0.0,0.0,0.0,0.0,0.0,0.0,0.0
LabVIEW,0.0,0.0,0.0,0.0,0.0,0.0,0.0
Ladder,0.0,0.0,0.0,0.0,0.0,0.0,0.0
Lasso,0.0,0.0,0.0,0.0,0.0,0.0,0.0
LaTeX,0.0,0.0,0.0,0.0,0.0,0.0,0.0
Lava,0.0,0.0,0.0,0.0,0.0,0.0,0.0
LDA,0.0,0.0,0.0,0.0,0.0,0.0,0.0
Leap,0.0,0.0,0.0,0.0,0.0,0.0,0.0
legacy,0.0,0.0,0.0,0.0,0.0,0.0,0.0
Legal,0.0,0.0,0.0,0.0,0.0,0.0,0.0
legal analysis,0.0,0.0,0.0,0.0,0.0,0.0,0.0
legal assistance,0.0,0.0,0.0,0.0,0.0,0.0,0.0
library,0.0,0.0,0.0,0.0,0.0,0.0,0.0
lift,0.0,0.0,0.0,0.0,0.0,0.0,0.0
LINC,0.0,0.0,0.0,0.0,0.0,0.0,0.0
linear algebra,0.0,0.0,0.0,0.0,0.0,0.0,0.0
linear regression,0.0,0.0,0.0,0.0,0.0,0.0,0.0
Linoleum,0.0,0.0,0.0,0.0,0.0,0.0,0.0
Linux,0.0,0.0,0.0,0.0,0.0,0.0,0.0
Linux Kernel,0.0,0.0,0.0,0.0,0.0,0.0,0.0
LIS,0.0,0.0,0.0,0.0,0.0,0.0,0.0
LISA,0.0,0.0,0.0,0.0,0.0,0.0,0.0
Lisp,0.0,0.0,0.0,0.0,0.0,0.0,0.0
Load balancers,0.0,0.0,0.0,0.0,0.0,0.0,0.0
Loan Management,0.0,0.0,0.0,0.0,0.0,0.0,0.0
localisation,0.0,0.0,0.0,0.0,0.0,0.0,0.0
localization,0.0,0.0,0.0,0.0,0.0,0.0,0.0
log analysis,0.0,0.0,0.0,0.0,0.0,0.0,0.0
Logging,0.0,0.0,0.0,0.0,0.0,0.0,0.0
logistic regression,0.0,0.0,0.0,0.0,0.0,0.0,0.0
Logistics,0.0,0.0,0.0,0.0,0.0,0.0,0.0
Logo,0.0,0.0,0.0,0.0,0.0,0.0,0.0
Logo Design,0.0,0.0,0.0,0.0,0.0,0.0,0.0
loyalty,0.0,0.0,0.0,0.0,0.0,0.0,0.0
LPC,0.0,0.0,0.0,0.0,0.0,0.0,0.0
lrp,0.0,0.0,0.0,0.0,0.0,0.0,0.0
LSE,0.0,0.0,0.0,0.0,0.0,0.0,0.0
lstm,0.0,0.0,0.0,0.0,0.0,0.0,0.0
Lua,0.0,0.0,0.0,0.0,0.0,0.0,0.0
Lucid,0.0,0.0,0.0,0.0,0.0,0.0,0.0
Lustre,0.0,0.0,0.0,0.0,0.0,0.0,0.0
Lynx,0.0,0.0,0.0,0.0,0.0,0.0,0.0
M4,0.0,0.0,0.0,0.0,0.0,0.0,0.0
Mac Os X,0.0,0.0,0.0,0.0,0.0,0.0,0.0
Mac Os X Server,0.0,0.0,0.0,0.0,0.0,0.0,0.0
Machine code,0.0,0.0,0.0,0.0,0.0,0.0,0.0
machine learning,0.0,0.0,0.0,0.0,0.0,0.0,0.0
machine learning model,0.0,0.0,0.0,0.0,0.0,0.0,0.0
MAD,0.0,0.0,0.0,0.0,0.0,0.0,0.0
manufacturing,0.0,0.0,0.0,0.0,0.0,0.0,0.0
Maple,0.0,0.0,0.0,0.0,0.0,0.0,0.0
MAPPER,0.0,0.0,0.0,0.0,0.0,0.0,0.0
maps,0.0,0.0,0.0,0.0,0.0,0.0,0.0
Marketing,0.0,0.0,0.0,0.0,0.0,0.0,0.0
Marketing Analytics,0.0,0.0,0.0,0.0,0.0,0.0,0.0
Marketing Automation,0.0,0.0,0.0,0.0,0.0,0.0,0.0
marketing product,0.0,0.0,0.0,0.0,0.0,0.0,0.0
Marketing Solutions,0.0,0.0,0.0,0.0,0.0,0.0,0.0
Marketplaces,0.0,0.0,0.0,0.0,0.0,0.0,0.0
Markov Chain,0.0,0.0,0.0,0.0,0.0,0.0,0.0
MARS,0.0,0.0,0.0,0.0,0.0,0.0,0.0
Mary,0.0,0.0,0.0,0.0,0.0,0.0,0.0
Mathematica,0.0,0.0,0.0,0.0,0.0,0.0,0.0
MATLAB,0.0,0.0,0.0,0.0,0.0,0.0,0.0
Matplotlib,0.0,0.0,0.0,0.0,0.0,0.0,0.0
Max,0.0,0.0,0.0,0.0,0.0,0.0,0.0
MaxScript,0.0,0.0,0.0,0.0,0.0,0.0,0.0
Mcafee,0.0,0.0,0.0,0.0,0.0,0.0,0.0
McKesson,0.0,0.0,0.0,0.0,0.0,0.0,0.0
MDA,0.0,0.0,0.0,0.0,0.0,0.0,0.0
meal planning,0.0,0.0,0.0,0.0,0.0,0.0,0.0
Medical Billing,0.0,0.0,0.0,0.0,0.0,0.0,0.0
Medical Records,0.0,0.0,0.0,0.0,0.0,0.0,0.0
MEDITECH,0.0,0.0,0.0,0.0,0.0,0.0,0.0
membership,0.0,0.0,0.0,0.0,0.0,0.0,0.0
Mentor Graphics,0.0,0.0,0.0,0.0,0.0,0.0,0.0
Mercury,0.0,0.0,0.0,0.0,0.0,0.0,0.0
Mesa,0.0,0.0,0.0,0.0,0.0,0.0,0.0
MetaL,0.0,0.0,0.0,0.0,0.0,0.0,0.0
Micro Focus,0.0,0.0,0.0,0.0,0.0,0.0,0.0
Microcode,0.0,0.0,0.0,0.0,0.0,0.0,0.0
Microsoft,0.0,0.0,0.0,0.0,0.0,0.0,0.0
MicroStrategy,0.0,0.0,0.0,0.0,0.0,0.0,0.0
middleware,0.0,0.0,0.0,0.0,0.0,0.0,0.0
Military,0.0,0.0,0.0,0.0,0.0,0.0,0.0
MIMIC,0.0,0.0,0.0,0.0,0.0,0.0,0.0
minimum viable product,0.0,0.0,0.0,0.0,0.0,0.0,0.0
ML,0.0,0.0,0.0,0.0,0.0,0.0,0.0
mlops,0.0,0.0,0.0,0.0,0.0,0.0,0.0
Mobile,0.0,0.0,0.0,0.0,0.0,0.0,0.0
mobile app,0.0,0.0,0.0,0.0,0.0,0.0,0.0
Mobile Computing,0.0,0.0,0.0,0.0,0.0,0.0,0.0
Mobile Device Management,0.0,0.0,0.0,0.0,0.0,0.0,0.0
Mobile Workforce,0.0,0.0,0.0,0.0,0.0,0.0,0.0
mockup,0.0,0.0,0.0,0.0,0.0,0.0,0.0
Model Selection,0.0,0.0,0.0,0.0,0.0,0.0,0.0
Modelica,0.0,0.0,0.0,0.0,0.0,0.0,0.0
Modeling,0.0,0.0,0.0,0.0,0.0,0.0,0.0
monetization,0.0,0.0,0.0,0.0,0.0,0.0,0.0
MongoDB,0.0,0.0,0.0,0.0,0.0,0.0,0.0
monitoring,0.0,0.0,0.0,0.0,0.0,0.0,0.0
MOO,0.0,0.0,0.0,0.0,0.0,0.0,0.0
Moodle,0.0,0.0,0.0,0.0,0.0,0.0,0.0
Mouse,0.0,0.0,0.0,0.0,0.0,0.0,0.0
Movie,0.0,0.0,0.0,0.0,0.0,0.0,0.0
Mozilla,0.0,0.0,0.0,0.0,0.0,0.0,0.0
MPD,0.0,0.0,0.0,0.0,0.0,0.0,0.0
multimedia,0.0,0.0,0.0,0.0,0.0,0.0,0.0
MUMPS,0.0,0.0,0.0,0.0,0.0,0.0,0.0
music,0.0,0.0,0.0,0.0,0.0,0.0,0.0
mvp,0.0,0.0,0.0,0.0,0.0,0.0,0.0
mxnet,0.0,0.0,0.0,0.0,0.0,0.0,0.0
Mysql,0.0,0.0,0.0,0.0,0.0,0.0,0.0
Naive Bayes,0.0,0.0,0.0,0.0,0.0,0.0,0.0
Natural Language Processing,0.0,0.0,0.0,0.0,0.0,0.0,0.0
navigation,0.0,0.0,0.0,0.0,0.0,0.0,0.0
NCR,0.0,0.0,0.0,0.0,0.0,0.0,0.0
NEC,0.0,0.0,0.0,0.0,0.0,0.0,0.0
nesC,0.0,0.0,0.0,0.0,0.0,0.0,0.0
Netapp,0.0,0.0,0.0,0.0,0.0,0.0,0.0
NetSuite,0.0,0.0,0.0,0.0,0.0,0.0,0.0
network intelligence,0.0,0.0,0.0,0.0,0.0,0.0,0.0
Network Security,0.0,0.0,0.0,0.0,0.0,0.0,0.0
neural network,0.0,0.0,0.0,0.0,0.0,0.0,0.0
news,0.0,0.0,0.0,0.0,0.0,0.0,0.0
newsletter,0.0,0.0,0.0,0.0,0.0,0.0,0.0
NGL,0.0,0.0,0.0,0.0,0.0,0.0,0.0
Nice,0.0,0.0,0.0,0.0,0.0,0.0,0.0
NLP,0.0,0.0,0.0,0.0,0.0,0.0,0.0
nonprofit,0.0,0.0,0.0,0.0,0.0,0.0,0.0
normal distribution,0.0,0.0,0.0,0.0,0.0,0.0,0.0
NoSQL,0.0,0.0,0.0,0.0,0.0,0.0,0.0
Notebook,0.0,0.0,0.0,0.0,0.0,0.0,0.0
Novell,0.0,0.0,0.0,0.0,0.0,0.0,0.0
Nu,0.0,0.0,0.0,0.0,0.0,0.0,0.0
nuclear plants,0.0,0.0,0.0,0.0,0.0,0.0,0.0
Numpy,0.0,0.0,0.0,0.0,0.0,0.0,0.0
Nutrition,0.0,0.0,0.0,0.0,0.0,0.0,0.0
Nvidia,0.0,0.0,0.0,0.0,0.0,0.0,0.0
Oak,0.0,0.0,0.0,0.0,0.0,0.0,0.0
Oauth2,0.0,0.0,0.0,0.0,0.0,0.0,0.0
Object Pascal,0.0,0.0,0.0,0.0,0.0,0.0,0.0
Octave,0.0,0.0,0.0,0.0,0.0,0.0,0.0
oil,0.0,0.0,0.0,0.0,0.0,0.0,0.0
OLS,0.0,0.0,0.0,0.0,0.0,0.0,0.0
onboarding,0.0,0.0,0.0,0.0,0.0,0.0,0.0
online booking,0.0,0.0,0.0,0.0,0.0,0.0,0.0
Opal,0.0,0.0,0.0,0.0,0.0,0.0,0.0
open data,0.0,0.0,0.0,0.0,0.0,0.0,0.0
open source,0.0,0.0,0.0,0.0,0.0,0.0,0.0
OpenCL,0.0,0.0,0.0,0.0,0.0,0.0,0.0
OpenCV,0.0,0.0,0.0,0.0,0.0,0.0,0.0
OpenText,0.0,0.0,0.0,0.0,0.0,0.0,0.0
Opera,0.0,0.0,0.0,0.0,0.0,0.0,0.0
operating system,0.0,0.0,0.0,0.0,0.0,0.0,0.0
operations analysis,0.0,0.0,0.0,0.0,0.0,0.0,0.0
Operations research,0.0,0.0,0.0,0.0,0.0,0.0,0.0
Optimisation,0.0,0.0,0.0,0.0,0.0,0.0,0.0
Optum,0.0,0.0,0.0,0.0,0.0,0.0,0.0
Oracle,0.0,0.0,0.0,0.0,0.0,0.0,0.0
Orc,0.0,0.0,0.0,0.0,0.0,0.0,0.0
Order management,0.0,0.0,0.0,0.0,0.0,0.0,0.0
outlier,0.0,0.0,0.0,0.0,0.0,0.0,0.0
outlier detection,0.0,0.0,0.0,0.0,0.0,0.0,0.0
Oz,0.0,0.0,0.0,0.0,0.0,0.0,0.0
P value,0.0,0.0,0.0,0.0,0.0,0.0,0.0
Palantir,0.0,0.0,0.0,0.0,0.0,0.0,0.0
Pandas,0.0,0.0,0.0,0.0,0.0,0.0,0.0
Pascal,0.0,0.0,0.0,0.0,0.0,0.0,0.0
Password Management,0.0,0.0,0.0,0.0,0.0,0.0,0.0
patent,0.0,0.0,0.0,0.0,0.0,0.0,0.0
payroll,0.0,0.0,0.0,0.0,0.0,0.0,0.0
PCA,0.0,0.0,0.0,0.0,0.0,0.0,0.0
PCF,0.0,0.0,0.0,0.0,0.0,0.0,0.0
PCR,0.0,0.0,0.0,0.0,0.0,0.0,0.0
PDL,0.0,0.0,0.0,0.0,0.0,0.0,0.0
PEARL,0.0,0.0,0.0,0.0,0.0,0.0,0.0
PeopleCode,0.0,0.0,0.0,0.0,0.0,0.0,0.0
perceptron,0.0,0.0,0.0,0.0,0.0,0.0,0.0
Performance Monitoring,0.0,0.0,0.0,0.0,0.0,0.0,0.0
Peripheral drivers,0.0,0.0,0.0,0.0,0.0,0.0,0.0
Perl,0.0,0.0,0.0,0.0,0.0,0.0,0.0
personal finance,0.0,0.0,0.0,0.0,0.0,0.0,0.0
Personal Information,0.0,0.0,0.0,0.0,0.0,0.0,0.0
Personal management,0.0,0.0,0.0,0.0,0.0,0.0,0.0
Pest Control,0.0,0.0,0.0,0.0,0.0,0.0,0.0
Pharmaceutical,0.0,0.0,0.0,0.0,0.0,0.0,0.0
Photoshop,0.0,0.0,0.0,0.0,0.0,0.0,0.0
PHP,0.0,0.0,0.0,0.0,0.0,0.0,0.0
Phpmyadmin,0.0,0.0,0.0,0.0,0.0,0.0,0.0
Physics,0.0,0.0,0.0,0.0,0.0,0.0,0.0
Pike,0.0,0.0,0.0,0.0,0.0,0.0,0.0
PILOT,0.0,0.0,0.0,0.0,0.0,0.0,0.0
Pipelines,0.0,0.0,0.0,0.0,0.0,0.0,0.0
pitch,0.0,0.0,0.0,0.0,0.0,0.0,0.0
pivot table,0.0,0.0,0.0,0.0,0.0,0.0,0.0
Pizza,0.0,0.0,0.0,0.0,0.0,0.0,0.0
Planner,0.0,0.0,0.0,0.0,0.0,0.0,0.0
PLEX,0.0,0.0,0.0,0.0,0.0,0.0,0.0
plugins,0.0,0.0,0.0,0.0,0.0,0.0,0.0
polling,0.0,0.0,0.0,0.0,0.0,0.0,0.0
PortablE,0.0,0.0,0.0,0.0,0.0,0.0,0.0
postgres,0.0,0.0,0.0,0.0,0.0,0.0,0.0
PowerBuilder,0.0,0.0,0.0,0.0,0.0,0.0,0.0
Powerhouse,0.0,0.0,0.0,0.0,0.0,0.0,0.0
powerpoint,0.0,0.0,0.0,0.0,0.0,0.0,0.0
PowerShell,0.0,0.0,0.0,0.0,0.0,0.0,0.0
pr,0.0,0.0,0.0,0.0,0.0,0.0,0.0
predictive analytics,0.0,0.0,0.0,0.0,0.0,0.0,0.0
predictive modeling,0.0,0.0,0.0,0.0,0.0,0.0,0.0
presentation,0.0,0.0,0.0,0.0,0.0,0.0,0.0
Principal Components Analysis,0.0,0.0,0.0,0.0,0.0,0.0,0.0
prior distribution,0.0,0.0,0.0,0.0,0.0,0.0,0.0
process automation,0.0,0.0,0.0,0.0,0.0,0.0,0.0
Process control,0.0,0.0,0.0,0.0,0.0,0.0,0.0
process support,0.0,0.0,0.0,0.0,0.0,0.0,0.0
Procurement,0.0,0.0,0.0,0.0,0.0,0.0,0.0
product market fit,0.0,0.0,0.0,0.0,0.0,0.0,0.0
product plan,0.0,0.0,0.0,0.0,0.0,0.0,0.0
product road map,0.0,0.0,0.0,0.0,0.0,0.0,0.0
product spec,0.0,0.0,0.0,0.0,0.0,0.0,0.0
product strategy,0.0,0.0,0.0,0.0,0.0,0.0,0.0
Product support,0.0,0.0,0.0,0.0,0.0,0.0,0.0
productivity software,0.0,0.0,0.0,0.0,0.0,0.0,0.0
Project Collaboration,0.0,0.0,0.0,0.0,0.0,0.0,0.0
project management,0.0,0.0,0.0,0.0,0.0,0.0,0.0
Project workflow,0.0,0.0,0.0,0.0,0.0,0.0,0.0
Prolog,0.0,0.0,0.0,0.0,0.0,0.0,0.0
property,0.0,0.0,0.0,0.0,0.0,0.0,0.0
Property Management,0.0,0.0,0.0,0.0,0.0,0.0,0.0
prototype,0.0,0.0,0.0,0.0,0.0,0.0,0.0
Proxy servers,0.0,0.0,0.0,0.0,0.0,0.0,0.0
psychographics,0.0,0.0,0.0,0.0,0.0,0.0,0.0
Psychology,0.0,0.0,0.0,0.0,0.0,0.0,0.0
PTC,0.0,0.0,0.0,0.0,0.0,0.0,0.0
Public library,0.0,0.0,0.0,0.0,0.0,0.0,0.0
Public Sector,0.0,0.0,0.0,0.0,0.0,0.0,0.0
Publishing,0.0,0.0,0.0,0.0,0.0,0.0,0.0
Pure,0.0,0.0,0.0,0.0,0.0,0.0,0.0
Python,0.0,0.0,0.0,0.0,0.0,0.0,0.0
QDA,0.0,0.0,0.0,0.0,0.0,0.0,0.0
Qemu,0.0,0.0,0.0,0.0,0.0,0.0,0.0
Qi,0.0,0.0,0.0,0.0,0.0,0.0,0.0
Qlik,0.0,0.0,0.0,0.0,0.0,0.0,0.0
qnx,0.0,0.0,0.0,0.0,0.0,0.0,0.0
Qualcomm,0.0,0.0,0.0,0.0,0.0,0.0,0.0
quality assurance,0.0,0.0,0.0,0.0,0.0,0.0,0.0
quick prototyping,0.0,0.0,0.0,0.0,0.0,0.0,0.0
R,0.0,0.0,0.0,0.0,0.0,0.0,0.0
random forest,0.0,0.0,0.0,0.0,0.0,0.0,0.0
rc,0.0,0.0,0.0,0.0,0.0,0.0,0.0
Real Estate,0.0,0.0,0.0,0.0,0.0,0.0,0.0
Real time,0.0,0.0,0.0,0.0,0.0,0.0,0.0
records management,0.0,0.0,0.0,0.0,0.0,0.0,0.0
recovery,0.0,0.0,0.0,0.0,0.0,0.0,0.0
recruiting,0.0,0.0,0.0,0.0,0.0,0.0,0.0
recurrent neural network,0.0,0.0,0.0,0.0,0.0,0.0,0.0
Red,0.0,0.0,0.0,0.0,0.0,0.0,0.0
Red Hat,0.0,0.0,0.0,0.0,0.0,0.0,0.0
Referral Marketing,0.0,0.0,0.0,0.0,0.0,0.0,0.0
regression,0.0,0.0,0.0,0.0,0.0,0.0,0.0
regression analysis,0.0,0.0,0.0,0.0,0.0,0.0,0.0
reinforcement learning,0.0,0.0,0.0,0.0,0.0,0.0,0.0
Relational database management,0.0,0.0,0.0,0.0,0.0,0.0,0.0
Remote Support,0.0,0.0,0.0,0.0,0.0,0.0,0.0
rendering,0.0,0.0,0.0,0.0,0.0,0.0,0.0
repo,0.0,0.0,0.0,0.0,0.0,0.0,0.0
Reporting Dashboard,0.0,0.0,0.0,0.0,0.0,0.0,0.0
Reputation Management,0.0,0.0,0.0,0.0,0.0,0.0,0.0
reservation,0.0,0.0,0.0,0.0,0.0,0.0,0.0
resource management,0.0,0.0,0.0,0.0,0.0,0.0,0.0
resource planning,0.0,0.0,0.0,0.0,0.0,0.0,0.0
resources planning,0.0,0.0,0.0,0.0,0.0,0.0,0.0
responsive design,0.0,0.0,0.0,0.0,0.0,0.0,0.0
Restaurant POS,0.0,0.0,0.0,0.0,0.0,0.0,0.0
Retail,0.0,0.0,0.0,0.0,0.0,0.0,0.0
Revolution,0.0,0.0,0.0,0.0,0.0,0.0,0.0
rex,0.0,0.0,0.0,0.0,0.0,0.0,0.0
REXX,0.0,0.0,0.0,0.0,0.0,0.0,0.0
risk analysis,0.0,0.0,0.0,0.0,0.0,0.0,0.0
Risk Management,0.0,0.0,0.0,0.0,0.0,0.0,0.0
rnn,0.0,0.0,0.0,0.0,0.0,0.0,0.0
robotics,0.0,0.0,0.0,0.0,0.0,0.0,0.0
ROOP,0.0,0.0,0.0,0.0,0.0,0.0,0.0
RPG,0.0,0.0,0.0,0.0,0.0,0.0,0.0
RPL,0.0,0.0,0.0,0.0,0.0,0.0,0.0
RSS,0.0,0.0,0.0,0.0,0.0,0.0,0.0
Ruby,0.0,0.0,0.0,0.0,0.0,0.0,0.0
Rust,0.0,0.0,0.0,0.0,0.0,0.0,0.0
S2,0.0,0.0,0.0,0.0,0.0,0.0,0.0
S3,0.0,0.0,0.0,0.0,0.0,0.0,0.0
saas,0.0,0.0,0.0,0.0,0.0,0.0,0.0
Safari,0.0,0.0,0.0,0.0,0.0,0.0,0.0
safety,0.0,0.0,0.0,0.0,0.0,0.0,0.0
Sage,0.0,0.0,0.0,0.0,0.0,0.0,0.0
Sales,0.0,0.0,0.0,0.0,0.0,0.0,0.0
Salesforce,0.0,0.0,0.0,0.0,0.0,0.0,0.0
SAP,0.0,0.0,0.0,0.0,0.0,0.0,0.0
SAS,0.0,0.0,0.0,0.0,0.0,0.0,0.0
SBL,0.0,0.0,0.0,0.0,0.0,0.0,0.0
Scala,0.0,0.0,0.0,0.0,0.0,0.0,0.0
scalar,0.0,0.0,0.0,0.0,0.0,0.0,0.0
scheduling,0.0,0.0,0.0,0.0,0.0,0.0,0.0
Scheme,0.0,0.0,0.0,0.0,0.0,0.0,0.0
Schneider Electric,0.0,0.0,0.0,0.0,0.0,0.0,0.0
science software,0.0,0.0,0.0,0.0,0.0,0.0,0.0
Scientific software,0.0,0.0,0.0,0.0,0.0,0.0,0.0
Scipy,0.0,0.0,0.0,0.0,0.0,0.0,0.0
Scratch,0.0,0.0,0.0,0.0,0.0,0.0,0.0
scripting,0.0,0.0,0.0,0.0,0.0,0.0,0.0
Scrum,0.0,0.0,0.0,0.0,0.0,0.0,0.0
Search engine,0.0,0.0,0.0,0.0,0.0,0.0,0.0
security,0.0,0.0,0.0,0.0,0.0,0.0,0.0
Sed,0.0,0.0,0.0,0.0,0.0,0.0,0.0
sem,0.0,0.0,0.0,0.0,0.0,0.0,0.0
seo,0.0,0.0,0.0,0.0,0.0,0.0,0.0
service providers,0.0,0.0,0.0,0.0,0.0,0.0,0.0
ServiceNow,0.0,0.0,0.0,0.0,0.0,0.0,0.0
Shakespeare,0.0,0.0,0.0,0.0,0.0,0.0,0.0
shareware,0.0,0.0,0.0,0.0,0.0,0.0,0.0
shell,0.0,0.0,0.0,0.0,0.0,0.0,0.0
shopping cart,0.0,0.0,0.0,0.0,0.0,0.0,0.0
Siemens,0.0,0.0,0.0,0.0,0.0,0.0,0.0
SIGNAL,0.0,0.0,0.0,0.0,0.0,0.0,0.0
Signal analysis,0.0,0.0,0.0,0.0,0.0,0.0,0.0
Simulation,0.0,0.0,0.0,0.0,0.0,0.0,0.0
Simulink,0.0,0.0,0.0,0.0,0.0,0.0,0.0
SLIP,0.0,0.0,0.0,0.0,0.0,0.0,0.0
small business,0.0,0.0,0.0,0.0,0.0,0.0,0.0
sme,0.0,0.0,0.0,0.0,0.0,0.0,0.0
SMS,0.0,0.0,0.0,0.0,0.0,0.0,0.0
smtp,0.0,0.0,0.0,0.0,0.0,0.0,0.0
Snowball,0.0,0.0,0.0,0.0,0.0,0.0,0.0
Social networking,0.0,0.0,0.0,0.0,0.0,0.0,0.0
Sociology,0.0,0.0,0.0,0.0,0.0,0.0,0.0
Software configuration,0.0,0.0,0.0,0.0,0.0,0.0,0.0
software ecosystem,0.0,0.0,0.0,0.0,0.0,0.0,0.0
SOL,0.0,0.0,0.0,0.0,0.0,0.0,0.0
Solar,0.0,0.0,0.0,0.0,0.0,0.0,0.0
Solaris,0.0,0.0,0.0,0.0,0.0,0.0,0.0
SolarWinds,0.0,0.0,0.0,0.0,0.0,0.0,0.0
Span,0.0,0.0,0.0,0.0,0.0,0.0,0.0
SPARK,0.0,0.0,0.0,0.0,0.0,0.0,0.0
Speech,0.0,0.0,0.0,0.0,0.0,0.0,0.0
SPIN,0.0,0.0,0.0,0.0,0.0,0.0,0.0
Splunk,0.0,0.0,0.0,0.0,0.0,0.0,0.0
Spreadsheet,0.0,0.0,0.0,0.0,0.0,0.0,0.0
sprint,0.0,0.0,0.0,0.0,0.0,0.0,0.0
spyware,0.0,0.0,0.0,0.0,0.0,0.0,0.0
SQL,0.0,0.0,0.0,0.0,0.0,0.0,0.0
SR,0.0,0.0,0.0,0.0,0.0,0.0,0.0
Stacking,0.0,0.0,0.0,0.0,0.0,0.0,0.0
startup,0.0,0.0,0.0,0.0,0.0,0.0,0.0
Stata,0.0,0.0,0.0,0.0,0.0,0.0,0.0
statistical,0.0,0.0,0.0,0.0,0.0,0.0,0.0
storage,0.0,0.0,0.0,0.0,0.0,0.0,0.0
storyboard,0.0,0.0,0.0,0.0,0.0,0.0,0.0
storytelling,0.0,0.0,0.0,0.0,0.0,0.0,0.0
Strand,0.0,0.0,0.0,0.0,0.0,0.0,0.0
Strategic Alliances,0.0,0.0,0.0,0.0,0.0,0.0,0.0
SUN,0.0,0.0,0.0,0.0,0.0,0.0,0.0
supervised learning,0.0,0.0,0.0,0.0,0.0,0.0,0.0
Supply chain,0.0,0.0,0.0,0.0,0.0,0.0,0.0
support system,0.0,0.0,0.0,0.0,0.0,0.0,0.0
support vector machine,0.0,0.0,0.0,0.0,0.0,0.0,0.0
surveillance,0.0,0.0,0.0,0.0,0.0,0.0,0.0
survey,0.0,0.0,0.0,0.0,0.0,0.0,0.0
Suse,0.0,0.0,0.0,0.0,0.0,0.0,0.0
sustainability,0.0,0.0,0.0,0.0,0.0,0.0,0.0
svc,0.0,0.0,0.0,0.0,0.0,0.0,0.0
svm,0.0,0.0,0.0,0.0,0.0,0.0,0.0
SWIFT,0.0,0.0,0.0,0.0,0.0,0.0,0.0
Symantec,0.0,0.0,0.0,0.0,0.0,0.0,0.0
Synopsys,0.0,0.0,0.0,0.0,0.0,0.0,0.0
System Administration,0.0,0.0,0.0,0.0,0.0,0.0,0.0
system component,0.0,0.0,0.0,0.0,0.0,0.0,0.0
System management,0.0,0.0,0.0,0.0,0.0,0.0,0.0
systems,0.0,0.0,0.0,0.0,0.0,0.0,0.0
SystemVerilog,0.0,0.0,0.0,0.0,0.0,0.0,0.0
Tableau,0.0,0.0,0.0,0.0,0.0,0.0,0.0
TACL,0.0,0.0,0.0,0.0,0.0,0.0,0.0
TADS,0.0,0.0,0.0,0.0,0.0,0.0,0.0
targeting,0.0,0.0,0.0,0.0,0.0,0.0,0.0
tax,0.0,0.0,0.0,0.0,0.0,0.0,0.0
taxonomies,0.0,0.0,0.0,0.0,0.0,0.0,0.0
Tcl,0.0,0.0,0.0,0.0,0.0,0.0,0.0
Tea,0.0,0.0,0.0,0.0,0.0,0.0,0.0
TECO,0.0,0.0,0.0,0.0,0.0,0.0,0.0
Telephony,0.0,0.0,0.0,0.0,0.0,0.0,0.0
Tensor,0.0,0.0,0.0,0.0,0.0,0.0,0.0
Tensorflow,0.0,0.0,0.0,0.0,0.0,0.0,0.0
Teradata,0.0,0.0,0.0,0.0,0.0,0.0,0.0
Test Set,0.0,0.0,0.0,0.0,0.0,0.0,0.0
testing,0.0,0.0,0.0,0.0,0.0,0.0,0.0
TeX,0.0,0.0,0.0,0.0,0.0,0.0,0.0
Text,0.0,0.0,0.0,0.0,0.0,0.0,0.0
Theano,0.0,0.0,0.0,0.0,0.0,0.0,0.0
threat management,0.0,0.0,0.0,0.0,0.0,0.0,0.0
TIBCO,0.0,0.0,0.0,0.0,0.0,0.0,0.0
ticketing,0.0,0.0,0.0,0.0,0.0,0.0,0.0
tidyverse,0.0,0.0,0.0,0.0,0.0,0.0,0.0
TIE,0.0,0.0,0.0,0.0,0.0,0.0,0.0
Timber,0.0,0.0,0.0,0.0,0.0,0.0,0.0
time clock,0.0,0.0,0.0,0.0,0.0,0.0,0.0
time series data,0.0,0.0,0.0,0.0,0.0,0.0,0.0
TMG,0.0,0.0,0.0,0.0,0.0,0.0,0.0
Tom,0.0,0.0,0.0,0.0,0.0,0.0,0.0
Torch,0.0,0.0,0.0,0.0,0.0,0.0,0.0
tourism,0.0,0.0,0.0,0.0,0.0,0.0,0.0
Trac,0.0,0.0,0.0,0.0,0.0,0.0,0.0
tracking,0.0,0.0,0.0,0.0,0.0,0.0,0.0
trademark,0.0,0.0,0.0,0.0,0.0,0.0,0.0
trading,0.0,0.0,0.0,0.0,0.0,0.0,0.0
transaction processing,0.0,0.0,0.0,0.0,0.0,0.0,0.0
transporation,0.0,0.0,0.0,0.0,0.0,0.0,0.0
Trend Micro,0.0,0.0,0.0,0.0,0.0,0.0,0.0
trojan,0.0,0.0,0.0,0.0,0.0,0.0,0.0
TTCN,0.0,0.0,0.0,0.0,0.0,0.0,0.0
Turing,0.0,0.0,0.0,0.0,0.0,0.0,0.0
TUTOR,0.0,0.0,0.0,0.0,0.0,0.0,0.0
TypeScript,0.0,0.0,0.0,0.0,0.0,0.0,0.0
Ubuntu,0.0,0.0,0.0,0.0,0.0,0.0,0.0
ui,0.0,0.0,0.0,0.0,0.0,0.0,0.0
Ultimate Software,0.0,0.0,0.0,0.0,0.0,0.0,0.0
Uniface,0.0,0.0,0.0,0.0,0.0,0.0,0.0
Unified Communications,0.0,0.0,0.0,0.0,0.0,0.0,0.0
UNITY,0.0,0.0,0.0,0.0,0.0,0.0,0.0
Unix shell,0.0,0.0,0.0,0.0,0.0,0.0,0.0
unsupervised learning,0.0,0.0,0.0,0.0,0.0,0.0,0.0
usability,0.0,0.0,0.0,0.0,0.0,0.0,0.0
user centric design,0.0,0.0,0.0,0.0,0.0,0.0,0.0
user experience,0.0,0.0,0.0,0.0,0.0,0.0,0.0
user flow,0.0,0.0,0.0,0.0,0.0,0.0,0.0
user persona,0.0,0.0,0.0,0.0,0.0,0.0,0.0
user stories,0.0,0.0,0.0,0.0,0.0,0.0,0.0
ux,0.0,0.0,0.0,0.0,0.0,0.0,0.0
variance,0.0,0.0,0.0,0.0,0.0,0.0,0.0
VBA,0.0,0.0,0.0,0.0,0.0,0.0,0.0
VBScript,0.0,0.0,0.0,0.0,0.0,0.0,0.0
vector,0.0,0.0,0.0,0.0,0.0,0.0,0.0
Verilog,0.0,0.0,0.0,0.0,0.0,0.0,0.0
Verint,0.0,0.0,0.0,0.0,0.0,0.0,0.0
version control,0.0,0.0,0.0,0.0,0.0,0.0,0.0
veterinary,0.0,0.0,0.0,0.0,0.0,0.0,0.0
VHDL,0.0,0.0,0.0,0.0,0.0,0.0,0.0
Video Conferencing,0.0,0.0,0.0,0.0,0.0,0.0,0.0
video editing,0.0,0.0,0.0,0.0,0.0,0.0,0.0
Virtual machines,0.0,0.0,0.0,0.0,0.0,0.0,0.0
Virtual Reality,0.0,0.0,0.0,0.0,0.0,0.0,0.0
Virtualization,0.0,0.0,0.0,0.0,0.0,0.0,0.0
Viruses,0.0,0.0,0.0,0.0,0.0,0.0,0.0
Visitor Management,0.0,0.0,0.0,0.0,0.0,0.0,0.0
Visual Basic,0.0,0.0,0.0,0.0,0.0,0.0,0.0
Visual FoxPro,0.0,0.0,0.0,0.0,0.0,0.0,0.0
Visual Studio,0.0,0.0,0.0,0.0,0.0,0.0,0.0
Vmware,0.0,0.0,0.0,0.0,0.0,0.0,0.0
VoIP,0.0,0.0,0.0,0.0,0.0,0.0,0.0
volunteering,0.0,0.0,0.0,0.0,0.0,0.0,0.0
VPN,0.0,0.0,0.0,0.0,0.0,0.0,0.0
VR,0.0,0.0,0.0,0.0,0.0,0.0,0.0
vulnerability management,0.0,0.0,0.0,0.0,0.0,0.0,0.0
Watson Studio,0.0,0.0,0.0,0.0,0.0,0.0,0.0
Weather,0.0,0.0,0.0,0.0,0.0,0.0,0.0
Web,0.0,0.0,0.0,0.0,0.0,0.0,0.0
Web Analytics,0.0,0.0,0.0,0.0,0.0,0.0,0.0
web app,0.0,0.0,0.0,0.0,0.0,0.0,0.0
Web Authoring,0.0,0.0,0.0,0.0,0.0,0.0,0.0
Web browsers,0.0,0.0,0.0,0.0,0.0,0.0,0.0
web form,0.0,0.0,0.0,0.0,0.0,0.0,0.0
Webinar,0.0,0.0,0.0,0.0,0.0,0.0,0.0
Website content management,0.0,0.0,0.0,0.0,0.0,0.0,0.0
Weka,0.0,0.0,0.0,0.0,0.0,0.0,0.0
Windows 10,0.0,0.0,0.0,0.0,0.0,0.0,0.0
Windows 2000,0.0,0.0,0.0,0.0,0.0,0.0,0.0
Windows 7,0.0,0.0,0.0,0.0,0.0,0.0,0.0
Windows PowerShell,0.0,0.0,0.0,0.0,0.0,0.0,0.0
Windows Server 2008,0.0,0.0,0.0,0.0,0.0,0.0,0.0
Windows Server 2012,0.0,0.0,0.0,0.0,0.0,0.0,0.0
Windows Server 2016,0.0,0.0,0.0,0.0,0.0,0.0,0.0
Windows Vista,0.0,0.0,0.0,0.0,0.0,0.0,0.0
Windows Xp,0.0,0.0,0.0,0.0,0.0,0.0,0.0
wireframe,0.0,0.0,0.0,0.0,0.0,0.0,0.0
Wireshark,0.0,0.0,0.0,0.0,0.0,0.0,0.0
Wordpress,0.0,0.0,0.0,0.0,0.0,0.0,0.0
Workday,0.0,0.0,0.0,0.0,0.0,0.0,0.0
workflow,0.0,0.0,0.0,0.0,0.0,0.0,0.0
Workforce Management,0.0,0.0,0.0,0.0,0.0,0.0,0.0
XEN,0.0,0.0,0.0,0.0,0.0,0.0,0.0
XGBoost,0.0,0.0,0.0,0.0,0.0,0.0,0.0
XL,0.0,0.0,0.0,0.0,0.0,0.0,0.0
XML,0.0,0.0,0.0,0.0,0.0,0.0,0.0
XPath,0.0,0.0,0.0,0.0,0.0,0.0,0.0
XSLT,0.0,0.0,0.0,0.0,0.0,0.0,0.0
yolo,0.0,0.0,0.0,0.0,0.0,0.0,0.0
