Forest and Conservation Workers,United States,0
Forest and Conservation Workers,United Kingdom,1
Forest and Conservation Workers,Canada,0
Forest and Conservation Workers,Aruba,0
Forest and Conservation Workers,Antigua and Barbuda,0
Forest and Conservation Workers,United Arab Emirates,0
Forest and Conservation Workers,Afghanistan,0
Forest and Conservation Workers,Algeria,0
Forest and Conservation Workers,Azerbaijan,0
Forest and Conservation Workers,Albania,0
Forest and Conservation Workers,Armenia,0
Forest and Conservation Workers,Andorra,0
Forest and Conservation Workers,Angola,0
Forest and Conservation Workers,American Samoa,0
Forest and Conservation Workers,Argentina,0
Forest and Conservation Workers,Australia,1
Forest and Conservation Workers,Ashmore and Cartier Islands,0
Forest and Conservation Workers,Austria,0
Forest and Conservation Workers,Anguilla,0
Forest and Conservation Workers,Antarctica,0
Forest and Conservation Workers,Bahrain,0
Forest and Conservation Workers,Barbados,0
Forest and Conservation Workers,Botswana,0
Forest and Conservation Workers,Bermuda,0
Forest and Conservation Workers,Belgium,0
Forest and Conservation Workers,Bahamas,0
Forest and Conservation Workers,Bangladesh,0
Forest and Conservation Workers,Belize,0
Forest and Conservation Workers,Bosnia and Herzegovina,0
Forest and Conservation Workers,Bolivia,0
Forest and Conservation Workers,Burma,0
Forest and Conservation Workers,Benin,0
Forest and Conservation Workers,Belarus,0
Forest and Conservation Workers,Solomon Islands,0
Forest and Conservation Workers,Navassa Island,0
Forest and Conservation Workers,Brazil,1
Forest and Conservation Workers,Bassas da India,0
Forest and Conservation Workers,Bhutan,0
Forest and Conservation Workers,Bulgaria,0
Forest and Conservation Workers,Bouvet Island,0
Forest and Conservation Workers,Brunei,0
Forest and Conservation Workers,Burundi,0
Forest and Conservation Workers,Cambodia,0
Forest and Conservation Workers,Chad,0
Forest and Conservation Workers,Sri Lanka,0
Forest and Conservation Workers,Republic of Congo,0
Forest and Conservation Workers,Democratic Republic of Congo,0
Forest and Conservation Workers,China,0
Forest and Conservation Workers,Chile,0
Forest and Conservation Workers,Cayman Islands,0
Forest and Conservation Workers,Cocos (Keeling) Islands,0
Forest and Conservation Workers,Cameroon,0
Forest and Conservation Workers,Comoros,0
Forest and Conservation Workers,Colombia,0
Forest and Conservation Workers,Northern Mariana Islands,0
Forest and Conservation Workers,Coral Sea Islands,0
Forest and Conservation Workers,Costa Rica,0
Forest and Conservation Workers,Central African Republic,0
Forest and Conservation Workers,Cuba,0
Forest and Conservation Workers,Cape Verde,0
Forest and Conservation Workers,Cook Islands,0
Forest and Conservation Workers,Cyprus,0
Forest and Conservation Workers,Denmark,0
Forest and Conservation Workers,Djibouti,0
Forest and Conservation Workers,Dominica,0
Forest and Conservation Workers,Jarvis Island,0
Forest and Conservation Workers,Dominican Republic,0
Forest and Conservation Workers,Ecuador,0
Forest and Conservation Workers,Egypt,0
Forest and Conservation Workers,Ireland,0
Forest and Conservation Workers,Equatorial Guinea,0
Forest and Conservation Workers,Estonia,0
Forest and Conservation Workers,Eritrea,0
Forest and Conservation Workers,El Salvador,0
Forest and Conservation Workers,Ethiopia,0
Forest and Conservation Workers,Europa Island,0
Forest and Conservation Workers,Czech Republic,0
Forest and Conservation Workers,French Guiana,0
Forest and Conservation Workers,Finland,0
Forest and Conservation Workers,Fiji,0
Forest and Conservation Workers,Falkland Islands,0
Forest and Conservation Workers,Federated States of Micronesia,0
Forest and Conservation Workers,Faroe Islands,0
Forest and Conservation Workers,French Polynesia,0
Forest and Conservation Workers,Baker Island,0
Forest and Conservation Workers,France,6
Forest and Conservation Workers,French Southern and Antarctic Lands,0
Forest and Conservation Workers,Gambia,0
Forest and Conservation Workers,Gabon,0
Forest and Conservation Workers,Georgia,0
Forest and Conservation Workers,Ghana,0
Forest and Conservation Workers,Gibraltar,0
Forest and Conservation Workers,Grenada,0
Forest and Conservation Workers,Guernsey,0
Forest and Conservation Workers,Greenland,0
Forest and Conservation Workers,Germany,4
Forest and Conservation Workers,Glorioso Islands,0
Forest and Conservation Workers,Guadeloupe,0
Forest and Conservation Workers,Guam,0
Forest and Conservation Workers,Greece,0
Forest and Conservation Workers,Guatemala,0
Forest and Conservation Workers,Guinea,0
Forest and Conservation Workers,Guyana,0
Forest and Conservation Workers,Gaza Strip,0
Forest and Conservation Workers,Haiti,0
Forest and Conservation Workers,Hong Kong,0
Forest and Conservation Workers,Heard Island and McDonald Islands,0
Forest and Conservation Workers,Honduras,0
Forest and Conservation Workers,Howland Island,0
Forest and Conservation Workers,Croatia,0
Forest and Conservation Workers,Hungary,0
Forest and Conservation Workers,Iceland,0
Forest and Conservation Workers,Indonesia,0
Forest and Conservation Workers,Isle of Man,0
Forest and Conservation Workers,India,1
Forest and Conservation Workers,British Indian Ocean Territory,0
Forest and Conservation Workers,Clipperton Island,0
Forest and Conservation Workers,Iran,0
Forest and Conservation Workers,Israel,0
Forest and Conservation Workers,Italy,0
Forest and Conservation Workers,Cote d'Ivoire,0
Forest and Conservation Workers,Iraq,0
Forest and Conservation Workers,Japan,0
Forest and Conservation Workers,Jersey,0
Forest and Conservation Workers,Jamaica,0
Forest and Conservation Workers,Jan Mayen,0
Forest and Conservation Workers,Jordan,0
Forest and Conservation Workers,Johnston Atoll,0
Forest and Conservation Workers,Juan de Nova Island,0
Forest and Conservation Workers,Kenya,0
Forest and Conservation Workers,Kyrgyzstan,0
Forest and Conservation Workers,North Korea,0
Forest and Conservation Workers,Kingman Reef,0
Forest and Conservation Workers,Kiribati,0
Forest and Conservation Workers,South Korea,0
Forest and Conservation Workers,Christmas Island,0
Forest and Conservation Workers,Kuwait,0
Forest and Conservation Workers,Kazakhstan,0
Forest and Conservation Workers,Laos,0
Forest and Conservation Workers,Lebanon,0
Forest and Conservation Workers,Latvia,0
Forest and Conservation Workers,Lithuania,0
Forest and Conservation Workers,Liberia,0
Forest and Conservation Workers,Slovakia,0
Forest and Conservation Workers,Palmyra Atoll,0
Forest and Conservation Workers,Liechtenstein,0
Forest and Conservation Workers,Lesotho,0
Forest and Conservation Workers,Luxembourg,0
Forest and Conservation Workers,Libya,0
Forest and Conservation Workers,Madagascar,0
Forest and Conservation Workers,Martinique,0
Forest and Conservation Workers,Macau,0
Forest and Conservation Workers,Moldova,0
Forest and Conservation Workers,Mayotte,0
Forest and Conservation Workers,Mongolia,0
Forest and Conservation Workers,Montserrat,0
Forest and Conservation Workers,Malawi,0
Forest and Conservation Workers,Montenegro,0
Forest and Conservation Workers,Republic of Macedonia,0
Forest and Conservation Workers,Mali,0
Forest and Conservation Workers,Monaco,0
Forest and Conservation Workers,Morocco,0
Forest and Conservation Workers,Mauritius,0
Forest and Conservation Workers,Midway Islands,0
Forest and Conservation Workers,Mauritania,0
Forest and Conservation Workers,Malta,0
Forest and Conservation Workers,Oman,0
Forest and Conservation Workers,Maldives,0
Forest and Conservation Workers,Mexico,0
Forest and Conservation Workers,Malaysia,0
Forest and Conservation Workers,Mozambique,0
Forest and Conservation Workers,New Caledonia,0
Forest and Conservation Workers,Niue,0
Forest and Conservation Workers,Norfolk Island,0
Forest and Conservation Workers,Niger,0
Forest and Conservation Workers,Vanuatu,0
Forest and Conservation Workers,Nigeria,0
Forest and Conservation Workers,Netherlands,0
Forest and Conservation Workers,No Man's Land,0
Forest and Conservation Workers,Norway,0
Forest and Conservation Workers,Nepal,0
Forest and Conservation Workers,Nauru,0
Forest and Conservation Workers,Suriname,0
Forest and Conservation Workers,Netherlands Antilles,0
Forest and Conservation Workers,Nicaragua,0
Forest and Conservation Workers,New Zealand,0
Forest and Conservation Workers,Paraguay,0
Forest and Conservation Workers,Pitcairn Islands,0
Forest and Conservation Workers,Peru,0
Forest and Conservation Workers,Paracel Islands,0
Forest and Conservation Workers,Spratly Islands,0
Forest and Conservation Workers,Pakistan,0
Forest and Conservation Workers,Poland,0
Forest and Conservation Workers,Panama,0
Forest and Conservation Workers,Portugal,0
Forest and Conservation Workers,Papua New Guinea,0
Forest and Conservation Workers,Palau,0
Forest and Conservation Workers,Guinea-Bissau,0
Forest and Conservation Workers,Qatar,0
Forest and Conservation Workers,Serbia,0
Forest and Conservation Workers,Reunion,0
Forest and Conservation Workers,Marshall Islands,0
Forest and Conservation Workers,Romania,0
Forest and Conservation Workers,Philippines,0
Forest and Conservation Workers,Russia,0
Forest and Conservation Workers,Rwanda,0
Forest and Conservation Workers,Saudi Arabia,0
Forest and Conservation Workers,Saint Pierre and Miquelon,0
Forest and Conservation Workers,Saint Kitts and Nevis,0
Forest and Conservation Workers,Seychelles,0
Forest and Conservation Workers,South Africa,0
Forest and Conservation Workers,Senegal,0
Forest and Conservation Workers,Saint Helena,0
Forest and Conservation Workers,Slovenia,0
Forest and Conservation Workers,Sierra Leone,0
Forest and Conservation Workers,San Marino,0
Forest and Conservation Workers,Singapore,0
Forest and Conservation Workers,Somalia,0
Forest and Conservation Workers,Spain,1
Forest and Conservation Workers,Saint Lucia,0
Forest and Conservation Workers,Sudan,0
Forest and Conservation Workers,Svalbard,0
Forest and Conservation Workers,Sweden,0
Forest and Conservation Workers,South Georgia and the Islands,0
Forest and Conservation Workers,Syria,0
Forest and Conservation Workers,Switzerland,0
Forest and Conservation Workers,Trinidad and Tobago,0
Forest and Conservation Workers,Tromelin Island,0
Forest and Conservation Workers,Thailand,0
Forest and Conservation Workers,Tajikistan,0
Forest and Conservation Workers,Turks and Caicos Islands,0
Forest and Conservation Workers,Tokelau,0
Forest and Conservation Workers,Tonga,0
Forest and Conservation Workers,Togo,0
Forest and Conservation Workers,Sao Tome and Principe,0
Forest and Conservation Workers,Tunisia,0
Forest and Conservation Workers,East Timor,0
Forest and Conservation Workers,Turkey,0
Forest and Conservation Workers,Tuvalu,0
Forest and Conservation Workers,Taiwan,0
Forest and Conservation Workers,Turkmenistan,0
Forest and Conservation Workers,Tanzania,0
Forest and Conservation Workers,Uganda,0
Forest and Conservation Workers,Ukraine,0
Forest and Conservation Workers,Burkina Faso,0
Forest and Conservation Workers,Uruguay,0
Forest and Conservation Workers,Uzbekistan,0
Forest and Conservation Workers,Saint Vincent and the Grenadines,0
Forest and Conservation Workers,Venezuela,0
Forest and Conservation Workers,British Virgin Islands,0
Forest and Conservation Workers,Vietnam,0
Forest and Conservation Workers,Virgin Islands (US),0
Forest and Conservation Workers,Vatican City,0
Forest and Conservation Workers,Namibia,0
Forest and Conservation Workers,West Bank,0
Forest and Conservation Workers,Wallis and Futuna,0
Forest and Conservation Workers,Western Sahara,0
Forest and Conservation Workers,Wake Island,0
Forest and Conservation Workers,Samoa,0
Forest and Conservation Workers,Swaziland,0
Forest and Conservation Workers,Yemen,0
Forest and Conservation Workers,Zambia,0
Forest and Conservation Workers,Zimbabwe,0
Forest and Conservation Workers,Akrotiri,0
Forest and Conservation Workers,Kosovo,0
Forest and Conservation Workers,Saint Martin,0
Slaughterers and Meat Packers,United States,2
Slaughterers and Meat Packers,United Kingdom,0
Slaughterers and Meat Packers,Canada,0
Slaughterers and Meat Packers,Aruba,0
Slaughterers and Meat Packers,Antigua and Barbuda,0
Slaughterers and Meat Packers,United Arab Emirates,0
Slaughterers and Meat Packers,Afghanistan,0
Slaughterers and Meat Packers,Algeria,0
Slaughterers and Meat Packers,Azerbaijan,0
Slaughterers and Meat Packers,Albania,0
Slaughterers and Meat Packers,Armenia,0
Slaughterers and Meat Packers,Andorra,0
Slaughterers and Meat Packers,Angola,0
Slaughterers and Meat Packers,American Samoa,0
Slaughterers and Meat Packers,Argentina,0
Slaughterers and Meat Packers,Australia,2
Slaughterers and Meat Packers,Ashmore and Cartier Islands,0
Slaughterers and Meat Packers,Austria,0
Slaughterers and Meat Packers,Anguilla,0
Slaughterers and Meat Packers,Antarctica,0
Slaughterers and Meat Packers,Bahrain,0
Slaughterers and Meat Packers,Barbados,0
Slaughterers and Meat Packers,Botswana,0
Slaughterers and Meat Packers,Bermuda,0
Slaughterers and Meat Packers,Belgium,0
Slaughterers and Meat Packers,Bahamas,0
Slaughterers and Meat Packers,Bangladesh,0
Slaughterers and Meat Packers,Belize,0
Slaughterers and Meat Packers,Bosnia and Herzegovina,0
Slaughterers and Meat Packers,Bolivia,0
Slaughterers and Meat Packers,Burma,0
Slaughterers and Meat Packers,Benin,0
Slaughterers and Meat Packers,Belarus,0
Slaughterers and Meat Packers,Solomon Islands,0
Slaughterers and Meat Packers,Navassa Island,0
Slaughterers and Meat Packers,Brazil,0
Slaughterers and Meat Packers,Bassas da India,0
Slaughterers and Meat Packers,Bhutan,0
Slaughterers and Meat Packers,Bulgaria,0
Slaughterers and Meat Packers,Bouvet Island,0
Slaughterers and Meat Packers,Brunei,0
Slaughterers and Meat Packers,Burundi,0
Slaughterers and Meat Packers,Cambodia,0
Slaughterers and Meat Packers,Chad,0
Slaughterers and Meat Packers,Sri Lanka,0
Slaughterers and Meat Packers,Republic of Congo,0
Slaughterers and Meat Packers,Democratic Republic of Congo,0
Slaughterers and Meat Packers,China,0
Slaughterers and Meat Packers,Chile,0
Slaughterers and Meat Packers,Cayman Islands,0
Slaughterers and Meat Packers,Cocos (Keeling) Islands,0
Slaughterers and Meat Packers,Cameroon,0
Slaughterers and Meat Packers,Comoros,0
Slaughterers and Meat Packers,Colombia,0
Slaughterers and Meat Packers,Northern Mariana Islands,0
Slaughterers and Meat Packers,Coral Sea Islands,0
Slaughterers and Meat Packers,Costa Rica,0
Slaughterers and Meat Packers,Central African Republic,0
Slaughterers and Meat Packers,Cuba,0
Slaughterers and Meat Packers,Cape Verde,0
Slaughterers and Meat Packers,Cook Islands,0
Slaughterers and Meat Packers,Cyprus,0
Slaughterers and Meat Packers,Denmark,0
Slaughterers and Meat Packers,Djibouti,0
Slaughterers and Meat Packers,Dominica,0
Slaughterers and Meat Packers,Jarvis Island,0
Slaughterers and Meat Packers,Dominican Republic,0
Slaughterers and Meat Packers,Ecuador,0
Slaughterers and Meat Packers,Egypt,0
Slaughterers and Meat Packers,Ireland,0
Slaughterers and Meat Packers,Equatorial Guinea,0
Slaughterers and Meat Packers,Estonia,0
Slaughterers and Meat Packers,Eritrea,0
Slaughterers and Meat Packers,El Salvador,0
Slaughterers and Meat Packers,Ethiopia,0
Slaughterers and Meat Packers,Europa Island,0
Slaughterers and Meat Packers,Czech Republic,0
Slaughterers and Meat Packers,French Guiana,0
Slaughterers and Meat Packers,Finland,0
Slaughterers and Meat Packers,Fiji,0
Slaughterers and Meat Packers,Falkland Islands,0
Slaughterers and Meat Packers,Federated States of Micronesia,0
Slaughterers and Meat Packers,Faroe Islands,0
Slaughterers and Meat Packers,French Polynesia,0
Slaughterers and Meat Packers,Baker Island,0
Slaughterers and Meat Packers,France,0
Slaughterers and Meat Packers,French Southern and Antarctic Lands,0
Slaughterers and Meat Packers,Gambia,0
Slaughterers and Meat Packers,Gabon,0
Slaughterers and Meat Packers,Georgia,0
Slaughterers and Meat Packers,Ghana,0
Slaughterers and Meat Packers,Gibraltar,0
Slaughterers and Meat Packers,Grenada,0
Slaughterers and Meat Packers,Guernsey,0
Slaughterers and Meat Packers,Greenland,0
Slaughterers and Meat Packers,Germany,0
Slaughterers and Meat Packers,Glorioso Islands,0
Slaughterers and Meat Packers,Guadeloupe,0
Slaughterers and Meat Packers,Guam,0
Slaughterers and Meat Packers,Greece,0
Slaughterers and Meat Packers,Guatemala,0
Slaughterers and Meat Packers,Guinea,0
Slaughterers and Meat Packers,Guyana,0
Slaughterers and Meat Packers,Gaza Strip,0
Slaughterers and Meat Packers,Haiti,0
Slaughterers and Meat Packers,Hong Kong,0
Slaughterers and Meat Packers,Heard Island and McDonald Islands,0
Slaughterers and Meat Packers,Honduras,0
Slaughterers and Meat Packers,Howland Island,0
Slaughterers and Meat Packers,Croatia,0
Slaughterers and Meat Packers,Hungary,0
Slaughterers and Meat Packers,Iceland,0
Slaughterers and Meat Packers,Indonesia,0
Slaughterers and Meat Packers,Isle of Man,0
Slaughterers and Meat Packers,India,0
Slaughterers and Meat Packers,British Indian Ocean Territory,0
Slaughterers and Meat Packers,Clipperton Island,0
Slaughterers and Meat Packers,Iran,0
Slaughterers and Meat Packers,Israel,0
Slaughterers and Meat Packers,Italy,0
Slaughterers and Meat Packers,Cote d'Ivoire,0
Slaughterers and Meat Packers,Iraq,0
Slaughterers and Meat Packers,Japan,0
Slaughterers and Meat Packers,Jersey,0
Slaughterers and Meat Packers,Jamaica,0
Slaughterers and Meat Packers,Jan Mayen,0
Slaughterers and Meat Packers,Jordan,0
Slaughterers and Meat Packers,Johnston Atoll,0
Slaughterers and Meat Packers,Juan de Nova Island,0
Slaughterers and Meat Packers,Kenya,0
Slaughterers and Meat Packers,Kyrgyzstan,0
Slaughterers and Meat Packers,North Korea,0
Slaughterers and Meat Packers,Kingman Reef,0
Slaughterers and Meat Packers,Kiribati,0
Slaughterers and Meat Packers,South Korea,0
Slaughterers and Meat Packers,Christmas Island,0
Slaughterers and Meat Packers,Kuwait,0
Slaughterers and Meat Packers,Kazakhstan,0
Slaughterers and Meat Packers,Laos,0
Slaughterers and Meat Packers,Lebanon,0
Slaughterers and Meat Packers,Latvia,0
Slaughterers and Meat Packers,Lithuania,0
Slaughterers and Meat Packers,Liberia,0
Slaughterers and Meat Packers,Slovakia,0
Slaughterers and Meat Packers,Palmyra Atoll,0
Slaughterers and Meat Packers,Liechtenstein,0
Slaughterers and Meat Packers,Lesotho,0
Slaughterers and Meat Packers,Luxembourg,0
Slaughterers and Meat Packers,Libya,0
Slaughterers and Meat Packers,Madagascar,0
Slaughterers and Meat Packers,Martinique,0
Slaughterers and Meat Packers,Macau,0
Slaughterers and Meat Packers,Moldova,0
Slaughterers and Meat Packers,Mayotte,0
Slaughterers and Meat Packers,Mongolia,0
Slaughterers and Meat Packers,Montserrat,0
Slaughterers and Meat Packers,Malawi,0
Slaughterers and Meat Packers,Montenegro,0
Slaughterers and Meat Packers,Republic of Macedonia,0
Slaughterers and Meat Packers,Mali,0
Slaughterers and Meat Packers,Monaco,0
Slaughterers and Meat Packers,Morocco,0
Slaughterers and Meat Packers,Mauritius,0
Slaughterers and Meat Packers,Midway Islands,0
Slaughterers and Meat Packers,Mauritania,0
Slaughterers and Meat Packers,Malta,0
Slaughterers and Meat Packers,Oman,0
Slaughterers and Meat Packers,Maldives,0
Slaughterers and Meat Packers,Mexico,0
Slaughterers and Meat Packers,Malaysia,0
Slaughterers and Meat Packers,Mozambique,0
Slaughterers and Meat Packers,New Caledonia,0
Slaughterers and Meat Packers,Niue,0
Slaughterers and Meat Packers,Norfolk Island,0
Slaughterers and Meat Packers,Niger,0
Slaughterers and Meat Packers,Vanuatu,0
Slaughterers and Meat Packers,Nigeria,0
Slaughterers and Meat Packers,Netherlands,0
Slaughterers and Meat Packers,No Man's Land,0
Slaughterers and Meat Packers,Norway,0
Slaughterers and Meat Packers,Nepal,0
Slaughterers and Meat Packers,Nauru,0
Slaughterers and Meat Packers,Suriname,0
Slaughterers and Meat Packers,Netherlands Antilles,0
Slaughterers and Meat Packers,Nicaragua,0
Slaughterers and Meat Packers,New Zealand,0
Slaughterers and Meat Packers,Paraguay,0
Slaughterers and Meat Packers,Pitcairn Islands,0
Slaughterers and Meat Packers,Peru,0
Slaughterers and Meat Packers,Paracel Islands,0
Slaughterers and Meat Packers,Spratly Islands,0
Slaughterers and Meat Packers,Pakistan,0
Slaughterers and Meat Packers,Poland,0
Slaughterers and Meat Packers,Panama,0
Slaughterers and Meat Packers,Portugal,0
Slaughterers and Meat Packers,Papua New Guinea,0
Slaughterers and Meat Packers,Palau,0
Slaughterers and Meat Packers,Guinea-Bissau,0
Slaughterers and Meat Packers,Qatar,0
Slaughterers and Meat Packers,Serbia,0
Slaughterers and Meat Packers,Reunion,0
Slaughterers and Meat Packers,Marshall Islands,0
Slaughterers and Meat Packers,Romania,0
Slaughterers and Meat Packers,Philippines,0
Slaughterers and Meat Packers,Russia,0
Slaughterers and Meat Packers,Rwanda,0
Slaughterers and Meat Packers,Saudi Arabia,0
Slaughterers and Meat Packers,Saint Pierre and Miquelon,0
Slaughterers and Meat Packers,Saint Kitts and Nevis,0
Slaughterers and Meat Packers,Seychelles,0
Slaughterers and Meat Packers,South Africa,0
Slaughterers and Meat Packers,Senegal,0
Slaughterers and Meat Packers,Saint Helena,0
Slaughterers and Meat Packers,Slovenia,0
Slaughterers and Meat Packers,Sierra Leone,0
Slaughterers and Meat Packers,San Marino,0
Slaughterers and Meat Packers,Singapore,0
Slaughterers and Meat Packers,Somalia,0
Slaughterers and Meat Packers,Spain,0
Slaughterers and Meat Packers,Saint Lucia,0
Slaughterers and Meat Packers,Sudan,0
Slaughterers and Meat Packers,Svalbard,0
Slaughterers and Meat Packers,Sweden,0
Slaughterers and Meat Packers,South Georgia and the Islands,0
Slaughterers and Meat Packers,Syria,0
Slaughterers and Meat Packers,Switzerland,0
Slaughterers and Meat Packers,Trinidad and Tobago,0
Slaughterers and Meat Packers,Tromelin Island,0
Slaughterers and Meat Packers,Thailand,0
Slaughterers and Meat Packers,Tajikistan,0
Slaughterers and Meat Packers,Turks and Caicos Islands,0
Slaughterers and Meat Packers,Tokelau,0
Slaughterers and Meat Packers,Tonga,0
Slaughterers and Meat Packers,Togo,0
Slaughterers and Meat Packers,Sao Tome and Principe,0
Slaughterers and Meat Packers,Tunisia,0
Slaughterers and Meat Packers,East Timor,0
Slaughterers and Meat Packers,Turkey,0
Slaughterers and Meat Packers,Tuvalu,0
Slaughterers and Meat Packers,Taiwan,0
Slaughterers and Meat Packers,Turkmenistan,0
Slaughterers and Meat Packers,Tanzania,0
Slaughterers and Meat Packers,Uganda,0
Slaughterers and Meat Packers,Ukraine,0
Slaughterers and Meat Packers,Burkina Faso,0
Slaughterers and Meat Packers,Uruguay,0
Slaughterers and Meat Packers,Uzbekistan,0
Slaughterers and Meat Packers,Saint Vincent and the Grenadines,0
Slaughterers and Meat Packers,Venezuela,0
Slaughterers and Meat Packers,British Virgin Islands,0
Slaughterers and Meat Packers,Vietnam,0
Slaughterers and Meat Packers,Virgin Islands (US),0
Slaughterers and Meat Packers,Vatican City,0
Slaughterers and Meat Packers,Namibia,0
Slaughterers and Meat Packers,West Bank,0
Slaughterers and Meat Packers,Wallis and Futuna,0
Slaughterers and Meat Packers,Western Sahara,0
Slaughterers and Meat Packers,Wake Island,0
Slaughterers and Meat Packers,Samoa,0
Slaughterers and Meat Packers,Swaziland,0
Slaughterers and Meat Packers,Yemen,0
Slaughterers and Meat Packers,Zambia,0
Slaughterers and Meat Packers,Zimbabwe,0
Slaughterers and Meat Packers,Akrotiri,0
Slaughterers and Meat Packers,Kosovo,0
Slaughterers and Meat Packers,Saint Martin,0
First-Line Supervisors of Food Preparation and Serving Workers,United States,0
First-Line Supervisors of Food Preparation and Serving Workers,United Kingdom,46
First-Line Supervisors of Food Preparation and Serving Workers,Canada,0
First-Line Supervisors of Food Preparation and Serving Workers,Aruba,0
First-Line Supervisors of Food Preparation and Serving Workers,Antigua and Barbuda,0
First-Line Supervisors of Food Preparation and Serving Workers,United Arab Emirates,0
First-Line Supervisors of Food Preparation and Serving Workers,Afghanistan,0
First-Line Supervisors of Food Preparation and Serving Workers,Algeria,6
First-Line Supervisors of Food Preparation and Serving Workers,Azerbaijan,0
First-Line Supervisors of Food Preparation and Serving Workers,Albania,0
First-Line Supervisors of Food Preparation and Serving Workers,Armenia,0
First-Line Supervisors of Food Preparation and Serving Workers,Andorra,0
First-Line Supervisors of Food Preparation and Serving Workers,Angola,0
First-Line Supervisors of Food Preparation and Serving Workers,American Samoa,0
First-Line Supervisors of Food Preparation and Serving Workers,Argentina,0
First-Line Supervisors of Food Preparation and Serving Workers,Australia,6
First-Line Supervisors of Food Preparation and Serving Workers,Ashmore and Cartier Islands,0
First-Line Supervisors of Food Preparation and Serving Workers,Austria,0
First-Line Supervisors of Food Preparation and Serving Workers,Anguilla,0
First-Line Supervisors of Food Preparation and Serving Workers,Antarctica,0
First-Line Supervisors of Food Preparation and Serving Workers,Bahrain,0
First-Line Supervisors of Food Preparation and Serving Workers,Barbados,0
First-Line Supervisors of Food Preparation and Serving Workers,Botswana,0
First-Line Supervisors of Food Preparation and Serving Workers,Bermuda,0
First-Line Supervisors of Food Preparation and Serving Workers,Belgium,0
First-Line Supervisors of Food Preparation and Serving Workers,Bahamas,0
First-Line Supervisors of Food Preparation and Serving Workers,Bangladesh,0
First-Line Supervisors of Food Preparation and Serving Workers,Belize,0
First-Line Supervisors of Food Preparation and Serving Workers,Bosnia and Herzegovina,0
First-Line Supervisors of Food Preparation and Serving Workers,Bolivia,0
First-Line Supervisors of Food Preparation and Serving Workers,Burma,0
First-Line Supervisors of Food Preparation and Serving Workers,Benin,0
First-Line Supervisors of Food Preparation and Serving Workers,Belarus,0
First-Line Supervisors of Food Preparation and Serving Workers,Solomon Islands,0
First-Line Supervisors of Food Preparation and Serving Workers,Navassa Island,0
First-Line Supervisors of Food Preparation and Serving Workers,Brazil,0
First-Line Supervisors of Food Preparation and Serving Workers,Bassas da India,0
First-Line Supervisors of Food Preparation and Serving Workers,Bhutan,0
First-Line Supervisors of Food Preparation and Serving Workers,Bulgaria,0
First-Line Supervisors of Food Preparation and Serving Workers,Bouvet Island,0
First-Line Supervisors of Food Preparation and Serving Workers,Brunei,0
First-Line Supervisors of Food Preparation and Serving Workers,Burundi,0
First-Line Supervisors of Food Preparation and Serving Workers,Cambodia,0
First-Line Supervisors of Food Preparation and Serving Workers,Chad,0
First-Line Supervisors of Food Preparation and Serving Workers,Sri Lanka,0
First-Line Supervisors of Food Preparation and Serving Workers,Republic of Congo,0
First-Line Supervisors of Food Preparation and Serving Workers,Democratic Republic of Congo,0
First-Line Supervisors of Food Preparation and Serving Workers,China,38
First-Line Supervisors of Food Preparation and Serving Workers,Chile,0
First-Line Supervisors of Food Preparation and Serving Workers,Cayman Islands,0
First-Line Supervisors of Food Preparation and Serving Workers,Cocos (Keeling) Islands,0
First-Line Supervisors of Food Preparation and Serving Workers,Cameroon,0
First-Line Supervisors of Food Preparation and Serving Workers,Comoros,0
First-Line Supervisors of Food Preparation and Serving Workers,Colombia,0
First-Line Supervisors of Food Preparation and Serving Workers,Northern Mariana Islands,0
First-Line Supervisors of Food Preparation and Serving Workers,Coral Sea Islands,0
First-Line Supervisors of Food Preparation and Serving Workers,Costa Rica,0
First-Line Supervisors of Food Preparation and Serving Workers,Central African Republic,0
First-Line Supervisors of Food Preparation and Serving Workers,Cuba,0
First-Line Supervisors of Food Preparation and Serving Workers,Cape Verde,0
First-Line Supervisors of Food Preparation and Serving Workers,Cook Islands,0
First-Line Supervisors of Food Preparation and Serving Workers,Cyprus,0
First-Line Supervisors of Food Preparation and Serving Workers,Denmark,0
First-Line Supervisors of Food Preparation and Serving Workers,Djibouti,0
First-Line Supervisors of Food Preparation and Serving Workers,Dominica,0
First-Line Supervisors of Food Preparation and Serving Workers,Jarvis Island,0
First-Line Supervisors of Food Preparation and Serving Workers,Dominican Republic,0
First-Line Supervisors of Food Preparation and Serving Workers,Ecuador,0
First-Line Supervisors of Food Preparation and Serving Workers,Egypt,6
First-Line Supervisors of Food Preparation and Serving Workers,Ireland,0
First-Line Supervisors of Food Preparation and Serving Workers,Equatorial Guinea,0
First-Line Supervisors of Food Preparation and Serving Workers,Estonia,0
First-Line Supervisors of Food Preparation and Serving Workers,Eritrea,0
First-Line Supervisors of Food Preparation and Serving Workers,El Salvador,0
First-Line Supervisors of Food Preparation and Serving Workers,Ethiopia,0
First-Line Supervisors of Food Preparation and Serving Workers,Europa Island,0
First-Line Supervisors of Food Preparation and Serving Workers,Czech Republic,0
First-Line Supervisors of Food Preparation and Serving Workers,French Guiana,0
First-Line Supervisors of Food Preparation and Serving Workers,Finland,0
First-Line Supervisors of Food Preparation and Serving Workers,Fiji,0
First-Line Supervisors of Food Preparation and Serving Workers,Falkland Islands,0
First-Line Supervisors of Food Preparation and Serving Workers,Federated States of Micronesia,0
First-Line Supervisors of Food Preparation and Serving Workers,Faroe Islands,0
First-Line Supervisors of Food Preparation and Serving Workers,French Polynesia,0
First-Line Supervisors of Food Preparation and Serving Workers,Baker Island,0
First-Line Supervisors of Food Preparation and Serving Workers,France,0
First-Line Supervisors of Food Preparation and Serving Workers,French Southern and Antarctic Lands,0
First-Line Supervisors of Food Preparation and Serving Workers,Gambia,0
First-Line Supervisors of Food Preparation and Serving Workers,Gabon,0
First-Line Supervisors of Food Preparation and Serving Workers,Georgia,0
First-Line Supervisors of Food Preparation and Serving Workers,Ghana,0
First-Line Supervisors of Food Preparation and Serving Workers,Gibraltar,0
First-Line Supervisors of Food Preparation and Serving Workers,Grenada,0
First-Line Supervisors of Food Preparation and Serving Workers,Guernsey,0
First-Line Supervisors of Food Preparation and Serving Workers,Greenland,0
First-Line Supervisors of Food Preparation and Serving Workers,Germany,0
First-Line Supervisors of Food Preparation and Serving Workers,Glorioso Islands,0
First-Line Supervisors of Food Preparation and Serving Workers,Guadeloupe,0
First-Line Supervisors of Food Preparation and Serving Workers,Guam,0
First-Line Supervisors of Food Preparation and Serving Workers,Greece,0
First-Line Supervisors of Food Preparation and Serving Workers,Guatemala,0
First-Line Supervisors of Food Preparation and Serving Workers,Guinea,0
First-Line Supervisors of Food Preparation and Serving Workers,Guyana,0
First-Line Supervisors of Food Preparation and Serving Workers,Gaza Strip,0
First-Line Supervisors of Food Preparation and Serving Workers,Haiti,0
First-Line Supervisors of Food Preparation and Serving Workers,Hong Kong,0
First-Line Supervisors of Food Preparation and Serving Workers,Heard Island and McDonald Islands,0
First-Line Supervisors of Food Preparation and Serving Workers,Honduras,0
First-Line Supervisors of Food Preparation and Serving Workers,Howland Island,0
First-Line Supervisors of Food Preparation and Serving Workers,Croatia,0
First-Line Supervisors of Food Preparation and Serving Workers,Hungary,0
First-Line Supervisors of Food Preparation and Serving Workers,Iceland,0
First-Line Supervisors of Food Preparation and Serving Workers,Indonesia,9
First-Line Supervisors of Food Preparation and Serving Workers,Isle of Man,0
First-Line Supervisors of Food Preparation and Serving Workers,India,39
First-Line Supervisors of Food Preparation and Serving Workers,British Indian Ocean Territory,0
First-Line Supervisors of Food Preparation and Serving Workers,Clipperton Island,0
First-Line Supervisors of Food Preparation and Serving Workers,Iran,0
First-Line Supervisors of Food Preparation and Serving Workers,Israel,0
First-Line Supervisors of Food Preparation and Serving Workers,Italy,0
First-Line Supervisors of Food Preparation and Serving Workers,Cote d'Ivoire,0
First-Line Supervisors of Food Preparation and Serving Workers,Iraq,0
First-Line Supervisors of Food Preparation and Serving Workers,Japan,0
First-Line Supervisors of Food Preparation and Serving Workers,Jersey,0
First-Line Supervisors of Food Preparation and Serving Workers,Jamaica,0
First-Line Supervisors of Food Preparation and Serving Workers,Jan Mayen,0
First-Line Supervisors of Food Preparation and Serving Workers,Jordan,0
First-Line Supervisors of Food Preparation and Serving Workers,Johnston Atoll,0
First-Line Supervisors of Food Preparation and Serving Workers,Juan de Nova Island,0
First-Line Supervisors of Food Preparation and Serving Workers,Kenya,0
First-Line Supervisors of Food Preparation and Serving Workers,Kyrgyzstan,0
First-Line Supervisors of Food Preparation and Serving Workers,North Korea,0
First-Line Supervisors of Food Preparation and Serving Workers,Kingman Reef,0
First-Line Supervisors of Food Preparation and Serving Workers,Kiribati,0
First-Line Supervisors of Food Preparation and Serving Workers,South Korea,1
First-Line Supervisors of Food Preparation and Serving Workers,Christmas Island,0
First-Line Supervisors of Food Preparation and Serving Workers,Kuwait,0
First-Line Supervisors of Food Preparation and Serving Workers,Kazakhstan,0
First-Line Supervisors of Food Preparation and Serving Workers,Laos,0
First-Line Supervisors of Food Preparation and Serving Workers,Lebanon,0
First-Line Supervisors of Food Preparation and Serving Workers,Latvia,0
First-Line Supervisors of Food Preparation and Serving Workers,Lithuania,0
First-Line Supervisors of Food Preparation and Serving Workers,Liberia,0
First-Line Supervisors of Food Preparation and Serving Workers,Slovakia,0
First-Line Supervisors of Food Preparation and Serving Workers,Palmyra Atoll,0
First-Line Supervisors of Food Preparation and Serving Workers,Liechtenstein,0
First-Line Supervisors of Food Preparation and Serving Workers,Lesotho,0
First-Line Supervisors of Food Preparation and Serving Workers,Luxembourg,0
First-Line Supervisors of Food Preparation and Serving Workers,Libya,0
First-Line Supervisors of Food Preparation and Serving Workers,Madagascar,0
First-Line Supervisors of Food Preparation and Serving Workers,Martinique,0
First-Line Supervisors of Food Preparation and Serving Workers,Macau,0
First-Line Supervisors of Food Preparation and Serving Workers,Moldova,0
First-Line Supervisors of Food Preparation and Serving Workers,Mayotte,0
First-Line Supervisors of Food Preparation and Serving Workers,Mongolia,0
First-Line Supervisors of Food Preparation and Serving Workers,Montserrat,0
First-Line Supervisors of Food Preparation and Serving Workers,Malawi,0
First-Line Supervisors of Food Preparation and Serving Workers,Montenegro,0
First-Line Supervisors of Food Preparation and Serving Workers,Republic of Macedonia,0
First-Line Supervisors of Food Preparation and Serving Workers,Mali,0
First-Line Supervisors of Food Preparation and Serving Workers,Monaco,0
First-Line Supervisors of Food Preparation and Serving Workers,Morocco,0
First-Line Supervisors of Food Preparation and Serving Workers,Mauritius,2
First-Line Supervisors of Food Preparation and Serving Workers,Midway Islands,0
First-Line Supervisors of Food Preparation and Serving Workers,Mauritania,0
First-Line Supervisors of Food Preparation and Serving Workers,Malta,0
First-Line Supervisors of Food Preparation and Serving Workers,Oman,0
First-Line Supervisors of Food Preparation and Serving Workers,Maldives,0
First-Line Supervisors of Food Preparation and Serving Workers,Mexico,0
First-Line Supervisors of Food Preparation and Serving Workers,Malaysia,0
First-Line Supervisors of Food Preparation and Serving Workers,Mozambique,0
First-Line Supervisors of Food Preparation and Serving Workers,New Caledonia,0
First-Line Supervisors of Food Preparation and Serving Workers,Niue,0
First-Line Supervisors of Food Preparation and Serving Workers,Norfolk Island,0
First-Line Supervisors of Food Preparation and Serving Workers,Niger,0
First-Line Supervisors of Food Preparation and Serving Workers,Vanuatu,0
First-Line Supervisors of Food Preparation and Serving Workers,Nigeria,0
First-Line Supervisors of Food Preparation and Serving Workers,Netherlands,0
First-Line Supervisors of Food Preparation and Serving Workers,No Man's Land,0
First-Line Supervisors of Food Preparation and Serving Workers,Norway,0
First-Line Supervisors of Food Preparation and Serving Workers,Nepal,0
First-Line Supervisors of Food Preparation and Serving Workers,Nauru,0
First-Line Supervisors of Food Preparation and Serving Workers,Suriname,0
First-Line Supervisors of Food Preparation and Serving Workers,Netherlands Antilles,0
First-Line Supervisors of Food Preparation and Serving Workers,Nicaragua,0
First-Line Supervisors of Food Preparation and Serving Workers,New Zealand,0
First-Line Supervisors of Food Preparation and Serving Workers,Paraguay,0
First-Line Supervisors of Food Preparation and Serving Workers,Pitcairn Islands,0
First-Line Supervisors of Food Preparation and Serving Workers,Peru,0
First-Line Supervisors of Food Preparation and Serving Workers,Paracel Islands,0
First-Line Supervisors of Food Preparation and Serving Workers,Spratly Islands,0
First-Line Supervisors of Food Preparation and Serving Workers,Pakistan,0
First-Line Supervisors of Food Preparation and Serving Workers,Poland,0
First-Line Supervisors of Food Preparation and Serving Workers,Panama,0
First-Line Supervisors of Food Preparation and Serving Workers,Portugal,0
First-Line Supervisors of Food Preparation and Serving Workers,Papua New Guinea,0
First-Line Supervisors of Food Preparation and Serving Workers,Palau,0
First-Line Supervisors of Food Preparation and Serving Workers,Guinea-Bissau,0
First-Line Supervisors of Food Preparation and Serving Workers,Qatar,8
First-Line Supervisors of Food Preparation and Serving Workers,Serbia,0
First-Line Supervisors of Food Preparation and Serving Workers,Reunion,0
First-Line Supervisors of Food Preparation and Serving Workers,Marshall Islands,0
First-Line Supervisors of Food Preparation and Serving Workers,Romania,0
First-Line Supervisors of Food Preparation and Serving Workers,Philippines,0
First-Line Supervisors of Food Preparation and Serving Workers,Russia,2
First-Line Supervisors of Food Preparation and Serving Workers,Rwanda,0
First-Line Supervisors of Food Preparation and Serving Workers,Saudi Arabia,0
First-Line Supervisors of Food Preparation and Serving Workers,Saint Pierre and Miquelon,0
First-Line Supervisors of Food Preparation and Serving Workers,Saint Kitts and Nevis,0
First-Line Supervisors of Food Preparation and Serving Workers,Seychelles,0
First-Line Supervisors of Food Preparation and Serving Workers,South Africa,0
First-Line Supervisors of Food Preparation and Serving Workers,Senegal,0
First-Line Supervisors of Food Preparation and Serving Workers,Saint Helena,0
First-Line Supervisors of Food Preparation and Serving Workers,Slovenia,0
First-Line Supervisors of Food Preparation and Serving Workers,Sierra Leone,0
First-Line Supervisors of Food Preparation and Serving Workers,San Marino,0
First-Line Supervisors of Food Preparation and Serving Workers,Singapore,0
First-Line Supervisors of Food Preparation and Serving Workers,Somalia,0
First-Line Supervisors of Food Preparation and Serving Workers,Spain,0
First-Line Supervisors of Food Preparation and Serving Workers,Saint Lucia,0
First-Line Supervisors of Food Preparation and Serving Workers,Sudan,0
First-Line Supervisors of Food Preparation and Serving Workers,Svalbard,0
First-Line Supervisors of Food Preparation and Serving Workers,Sweden,0
First-Line Supervisors of Food Preparation and Serving Workers,South Georgia and the Islands,0
First-Line Supervisors of Food Preparation and Serving Workers,Syria,0
First-Line Supervisors of Food Preparation and Serving Workers,Switzerland,0
First-Line Supervisors of Food Preparation and Serving Workers,Trinidad and Tobago,0
First-Line Supervisors of Food Preparation and Serving Workers,Tromelin Island,0
First-Line Supervisors of Food Preparation and Serving Workers,Thailand,0
First-Line Supervisors of Food Preparation and Serving Workers,Tajikistan,0
First-Line Supervisors of Food Preparation and Serving Workers,Turks and Caicos Islands,0
First-Line Supervisors of Food Preparation and Serving Workers,Tokelau,0
First-Line Supervisors of Food Preparation and Serving Workers,Tonga,0
First-Line Supervisors of Food Preparation and Serving Workers,Togo,0
First-Line Supervisors of Food Preparation and Serving Workers,Sao Tome and Principe,0
First-Line Supervisors of Food Preparation and Serving Workers,Tunisia,0
First-Line Supervisors of Food Preparation and Serving Workers,East Timor,0
First-Line Supervisors of Food Preparation and Serving Workers,Turkey,0
First-Line Supervisors of Food Preparation and Serving Workers,Tuvalu,0
First-Line Supervisors of Food Preparation and Serving Workers,Taiwan,1
First-Line Supervisors of Food Preparation and Serving Workers,Turkmenistan,0
First-Line Supervisors of Food Preparation and Serving Workers,Tanzania,0
First-Line Supervisors of Food Preparation and Serving Workers,Uganda,0
First-Line Supervisors of Food Preparation and Serving Workers,Ukraine,0
First-Line Supervisors of Food Preparation and Serving Workers,Burkina Faso,0
First-Line Supervisors of Food Preparation and Serving Workers,Uruguay,0
First-Line Supervisors of Food Preparation and Serving Workers,Uzbekistan,0
First-Line Supervisors of Food Preparation and Serving Workers,Saint Vincent and the Grenadines,0
First-Line Supervisors of Food Preparation and Serving Workers,Venezuela,0
First-Line Supervisors of Food Preparation and Serving Workers,British Virgin Islands,0
First-Line Supervisors of Food Preparation and Serving Workers,Vietnam,1
First-Line Supervisors of Food Preparation and Serving Workers,Virgin Islands (US),0
First-Line Supervisors of Food Preparation and Serving Workers,Vatican City,0
First-Line Supervisors of Food Preparation and Serving Workers,Namibia,0
First-Line Supervisors of Food Preparation and Serving Workers,West Bank,0
First-Line Supervisors of Food Preparation and Serving Workers,Wallis and Futuna,0
First-Line Supervisors of Food Preparation and Serving Workers,Western Sahara,0
First-Line Supervisors of Food Preparation and Serving Workers,Wake Island,0
First-Line Supervisors of Food Preparation and Serving Workers,Samoa,0
First-Line Supervisors of Food Preparation and Serving Workers,Swaziland,0
First-Line Supervisors of Food Preparation and Serving Workers,Yemen,0
First-Line Supervisors of Food Preparation and Serving Workers,Zambia,0
First-Line Supervisors of Food Preparation and Serving Workers,Zimbabwe,0
First-Line Supervisors of Food Preparation and Serving Workers,Akrotiri,0
First-Line Supervisors of Food Preparation and Serving Workers,Kosovo,0
First-Line Supervisors of Food Preparation and Serving Workers,Saint Martin,0
Court Reporters,United States,85
Court Reporters,United Kingdom,0
Court Reporters,Canada,2
Court Reporters,Aruba,0
Court Reporters,Antigua and Barbuda,0
Court Reporters,United Arab Emirates,0
Court Reporters,Afghanistan,0
Court Reporters,Algeria,0
Court Reporters,Azerbaijan,0
Court Reporters,Albania,0
Court Reporters,Armenia,0
Court Reporters,Andorra,0
Court Reporters,Angola,0
Court Reporters,American Samoa,0
Court Reporters,Argentina,0
Court Reporters,Australia,0
Court Reporters,Ashmore and Cartier Islands,0
Court Reporters,Austria,0
Court Reporters,Anguilla,0
Court Reporters,Antarctica,0
Court Reporters,Bahrain,0
Court Reporters,Barbados,0
Court Reporters,Botswana,0
Court Reporters,Bermuda,0
Court Reporters,Belgium,0
Court Reporters,Bahamas,0
Court Reporters,Bangladesh,0
Court Reporters,Belize,0
Court Reporters,Bosnia and Herzegovina,0
Court Reporters,Bolivia,0
Court Reporters,Burma,0
Court Reporters,Benin,0
Court Reporters,Belarus,0
Court Reporters,Solomon Islands,0
Court Reporters,Navassa Island,0
Court Reporters,Brazil,0
Court Reporters,Bassas da India,0
Court Reporters,Bhutan,0
Court Reporters,Bulgaria,0
Court Reporters,Bouvet Island,0
Court Reporters,Brunei,0
Court Reporters,Burundi,0
Court Reporters,Cambodia,0
Court Reporters,Chad,0
Court Reporters,Sri Lanka,0
Court Reporters,Republic of Congo,0
Court Reporters,Democratic Republic of Congo,0
Court Reporters,China,0
Court Reporters,Chile,0
Court Reporters,Cayman Islands,0
Court Reporters,Cocos (Keeling) Islands,0
Court Reporters,Cameroon,0
Court Reporters,Comoros,0
Court Reporters,Colombia,0
Court Reporters,Northern Mariana Islands,0
Court Reporters,Coral Sea Islands,0
Court Reporters,Costa Rica,0
Court Reporters,Central African Republic,0
Court Reporters,Cuba,0
Court Reporters,Cape Verde,0
Court Reporters,Cook Islands,0
Court Reporters,Cyprus,0
Court Reporters,Denmark,0
Court Reporters,Djibouti,0
Court Reporters,Dominica,0
Court Reporters,Jarvis Island,0
Court Reporters,Dominican Republic,0
Court Reporters,Ecuador,0
Court Reporters,Egypt,0
Court Reporters,Ireland,0
Court Reporters,Equatorial Guinea,0
Court Reporters,Estonia,0
Court Reporters,Eritrea,0
Court Reporters,El Salvador,0
Court Reporters,Ethiopia,0
Court Reporters,Europa Island,0
Court Reporters,Czech Republic,0
Court Reporters,French Guiana,0
Court Reporters,Finland,0
Court Reporters,Fiji,0
Court Reporters,Falkland Islands,0
Court Reporters,Federated States of Micronesia,0
Court Reporters,Faroe Islands,0
Court Reporters,French Polynesia,0
Court Reporters,Baker Island,0
Court Reporters,France,140
Court Reporters,French Southern and Antarctic Lands,0
Court Reporters,Gambia,0
Court Reporters,Gabon,0
Court Reporters,Georgia,0
Court Reporters,Ghana,0
Court Reporters,Gibraltar,0
Court Reporters,Grenada,0
Court Reporters,Guernsey,0
Court Reporters,Greenland,0
Court Reporters,Germany,0
Court Reporters,Glorioso Islands,0
Court Reporters,Guadeloupe,0
Court Reporters,Guam,0
Court Reporters,Greece,0
Court Reporters,Guatemala,0
Court Reporters,Guinea,0
Court Reporters,Guyana,0
Court Reporters,Gaza Strip,0
Court Reporters,Haiti,0
Court Reporters,Hong Kong,0
Court Reporters,Heard Island and McDonald Islands,0
Court Reporters,Honduras,0
Court Reporters,Howland Island,0
Court Reporters,Croatia,0
Court Reporters,Hungary,0
Court Reporters,Iceland,0
Court Reporters,Indonesia,0
Court Reporters,Isle of Man,0
Court Reporters,India,0
Court Reporters,British Indian Ocean Territory,0
Court Reporters,Clipperton Island,0
Court Reporters,Iran,0
Court Reporters,Israel,0
Court Reporters,Italy,0
Court Reporters,Cote d'Ivoire,0
Court Reporters,Iraq,0
Court Reporters,Japan,0
Court Reporters,Jersey,0
Court Reporters,Jamaica,0
Court Reporters,Jan Mayen,0
Court Reporters,Jordan,0
Court Reporters,Johnston Atoll,0
Court Reporters,Juan de Nova Island,0
Court Reporters,Kenya,0
Court Reporters,Kyrgyzstan,0
Court Reporters,North Korea,0
Court Reporters,Kingman Reef,0
Court Reporters,Kiribati,0
Court Reporters,South Korea,0
Court Reporters,Christmas Island,0
Court Reporters,Kuwait,0
Court Reporters,Kazakhstan,0
Court Reporters,Laos,0
Court Reporters,Lebanon,0
Court Reporters,Latvia,0
Court Reporters,Lithuania,0
Court Reporters,Liberia,0
Court Reporters,Slovakia,0
Court Reporters,Palmyra Atoll,0
Court Reporters,Liechtenstein,0
Court Reporters,Lesotho,0
Court Reporters,Luxembourg,0
Court Reporters,Libya,0
Court Reporters,Madagascar,0
Court Reporters,Martinique,0
Court Reporters,Macau,0
Court Reporters,Moldova,0
Court Reporters,Mayotte,0
Court Reporters,Mongolia,0
Court Reporters,Montserrat,0
Court Reporters,Malawi,0
Court Reporters,Montenegro,0
Court Reporters,Republic of Macedonia,0
Court Reporters,Mali,0
Court Reporters,Monaco,0
Court Reporters,Morocco,0
Court Reporters,Mauritius,0
Court Reporters,Midway Islands,0
Court Reporters,Mauritania,0
Court Reporters,Malta,0
Court Reporters,Oman,0
Court Reporters,Maldives,0
Court Reporters,Mexico,0
Court Reporters,Malaysia,0
Court Reporters,Mozambique,0
Court Reporters,New Caledonia,0
Court Reporters,Niue,0
Court Reporters,Norfolk Island,0
Court Reporters,Niger,0
Court Reporters,Vanuatu,0
Court Reporters,Nigeria,0
Court Reporters,Netherlands,0
Court Reporters,No Man's Land,0
Court Reporters,Norway,0
Court Reporters,Nepal,0
Court Reporters,Nauru,0
Court Reporters,Suriname,0
Court Reporters,Netherlands Antilles,0
Court Reporters,Nicaragua,0
Court Reporters,New Zealand,0
Court Reporters,Paraguay,0
Court Reporters,Pitcairn Islands,0
Court Reporters,Peru,0
Court Reporters,Paracel Islands,0
Court Reporters,Spratly Islands,0
Court Reporters,Pakistan,0
Court Reporters,Poland,0
Court Reporters,Panama,0
Court Reporters,Portugal,0
Court Reporters,Papua New Guinea,0
Court Reporters,Palau,0
Court Reporters,Guinea-Bissau,0
Court Reporters,Qatar,0
Court Reporters,Serbia,0
Court Reporters,Reunion,0
Court Reporters,Marshall Islands,0
Court Reporters,Romania,0
Court Reporters,Philippines,0
Court Reporters,Russia,0
Court Reporters,Rwanda,0
Court Reporters,Saudi Arabia,0
Court Reporters,Saint Pierre and Miquelon,0
Court Reporters,Saint Kitts and Nevis,0
Court Reporters,Seychelles,0
Court Reporters,South Africa,0
Court Reporters,Senegal,0
Court Reporters,Saint Helena,0
Court Reporters,Slovenia,0
Court Reporters,Sierra Leone,0
Court Reporters,San Marino,0
Court Reporters,Singapore,1
Court Reporters,Somalia,0
Court Reporters,Spain,0
Court Reporters,Saint Lucia,0
Court Reporters,Sudan,0
Court Reporters,Svalbard,0
Court Reporters,Sweden,0
Court Reporters,South Georgia and the Islands,0
Court Reporters,Syria,0
Court Reporters,Switzerland,0
Court Reporters,Trinidad and Tobago,0
Court Reporters,Tromelin Island,0
Court Reporters,Thailand,0
Court Reporters,Tajikistan,0
Court Reporters,Turks and Caicos Islands,0
Court Reporters,Tokelau,0
Court Reporters,Tonga,0
Court Reporters,Togo,0
Court Reporters,Sao Tome and Principe,0
Court Reporters,Tunisia,0
Court Reporters,East Timor,0
Court Reporters,Turkey,0
Court Reporters,Tuvalu,0
Court Reporters,Taiwan,0
Court Reporters,Turkmenistan,0
Court Reporters,Tanzania,0
Court Reporters,Uganda,0
Court Reporters,Ukraine,0
Court Reporters,Burkina Faso,0
Court Reporters,Uruguay,0
Court Reporters,Uzbekistan,0
Court Reporters,Saint Vincent and the Grenadines,0
Court Reporters,Venezuela,0
Court Reporters,British Virgin Islands,0
Court Reporters,Vietnam,0
Court Reporters,Virgin Islands (US),0
Court Reporters,Vatican City,0
Court Reporters,Namibia,0
Court Reporters,West Bank,0
Court Reporters,Wallis and Futuna,0
Court Reporters,Western Sahara,0
Court Reporters,Wake Island,0
Court Reporters,Samoa,0
Court Reporters,Swaziland,0
Court Reporters,Yemen,0
Court Reporters,Zambia,0
Court Reporters,Zimbabwe,0
Court Reporters,Akrotiri,0
Court Reporters,Kosovo,0
Court Reporters,Saint Martin,0
"Computer, Automated Teller, and Office Machine Repairers",United States,731333
"Computer, Automated Teller, and Office Machine Repairers",United Kingdom,45081
"Computer, Automated Teller, and Office Machine Repairers",Canada,44883
"Computer, Automated Teller, and Office Machine Repairers",Aruba,0
"Computer, Automated Teller, and Office Machine Repairers",Antigua and Barbuda,1
"Computer, Automated Teller, and Office Machine Repairers",United Arab Emirates,95
"Computer, Automated Teller, and Office Machine Repairers",Afghanistan,42
"Computer, Automated Teller, and Office Machine Repairers",Algeria,0
"Computer, Automated Teller, and Office Machine Repairers",Azerbaijan,0
"Computer, Automated Teller, and Office Machine Repairers",Albania,1
"Computer, Automated Teller, and Office Machine Repairers",Armenia,3
"Computer, Automated Teller, and Office Machine Repairers",Andorra,0
"Computer, Automated Teller, and Office Machine Repairers",Angola,0
"Computer, Automated Teller, and Office Machine Repairers",American Samoa,1
"Computer, Automated Teller, and Office Machine Repairers",Argentina,1511
"Computer, Automated Teller, and Office Machine Repairers",Australia,462
"Computer, Automated Teller, and Office Machine Repairers",Ashmore and Cartier Islands,0
"Computer, Automated Teller, and Office Machine Repairers",Austria,1318
"Computer, Automated Teller, and Office Machine Repairers",Anguilla,0
"Computer, Automated Teller, and Office Machine Repairers",Antarctica,0
"Computer, Automated Teller, and Office Machine Repairers",Bahrain,2
"Computer, Automated Teller, and Office Machine Repairers",Barbados,0
"Computer, Automated Teller, and Office Machine Repairers",Botswana,1
"Computer, Automated Teller, and Office Machine Repairers",Bermuda,0
"Computer, Automated Teller, and Office Machine Repairers",Belgium,2926
"Computer, Automated Teller, and Office Machine Repairers",Bahamas,0
"Computer, Automated Teller, and Office Machine Repairers",Bangladesh,4
"Computer, Automated Teller, and Office Machine Repairers",Belize,0
"Computer, Automated Teller, and Office Machine Repairers",Bosnia and Herzegovina,2
"Computer, Automated Teller, and Office Machine Repairers",Bolivia,1
"Computer, Automated Teller, and Office Machine Repairers",Burma,12
"Computer, Automated Teller, and Office Machine Repairers",Benin,8
"Computer, Automated Teller, and Office Machine Repairers",Belarus,5
"Computer, Automated Teller, and Office Machine Repairers",Solomon Islands,0
"Computer, Automated Teller, and Office Machine Repairers",Navassa Island,0
"Computer, Automated Teller, and Office Machine Repairers",Brazil,1991
"Computer, Automated Teller, and Office Machine Repairers",Bassas da India,0
"Computer, Automated Teller, and Office Machine Repairers",Bhutan,0
"Computer, Automated Teller, and Office Machine Repairers",Bulgaria,57
"Computer, Automated Teller, and Office Machine Repairers",Bouvet Island,0
"Computer, Automated Teller, and Office Machine Repairers",Brunei,0
"Computer, Automated Teller, and Office Machine Repairers",Burundi,0
"Computer, Automated Teller, and Office Machine Repairers",Cambodia,2
"Computer, Automated Teller, and Office Machine Repairers",Chad,0
"Computer, Automated Teller, and Office Machine Repairers",Sri Lanka,9
"Computer, Automated Teller, and Office Machine Repairers",Republic of Congo,0
"Computer, Automated Teller, and Office Machine Repairers",Democratic Republic of Congo,3
"Computer, Automated Teller, and Office Machine Repairers",China,213
"Computer, Automated Teller, and Office Machine Repairers",Chile,4
"Computer, Automated Teller, and Office Machine Repairers",Cayman Islands,1
"Computer, Automated Teller, and Office Machine Repairers",Cocos (Keeling) Islands,0
"Computer, Automated Teller, and Office Machine Repairers",Cameroon,4
"Computer, Automated Teller, and Office Machine Repairers",Comoros,0
"Computer, Automated Teller, and Office Machine Repairers",Colombia,19
"Computer, Automated Teller, and Office Machine Repairers",Northern Mariana Islands,0
"Computer, Automated Teller, and Office Machine Repairers",Coral Sea Islands,0
"Computer, Automated Teller, and Office Machine Repairers",Costa Rica,27
"Computer, Automated Teller, and Office Machine Repairers",Central African Republic,2
"Computer, Automated Teller, and Office Machine Repairers",Cuba,1
"Computer, Automated Teller, and Office Machine Repairers",Cape Verde,0
"Computer, Automated Teller, and Office Machine Repairers",Cook Islands,0
"Computer, Automated Teller, and Office Machine Repairers",Cyprus,13
"Computer, Automated Teller, and Office Machine Repairers",Denmark,118
"Computer, Automated Teller, and Office Machine Repairers",Djibouti,0
"Computer, Automated Teller, and Office Machine Repairers",Dominica,4
"Computer, Automated Teller, and Office Machine Repairers",Jarvis Island,0
"Computer, Automated Teller, and Office Machine Repairers",Dominican Republic,3
"Computer, Automated Teller, and Office Machine Repairers",Ecuador,2
"Computer, Automated Teller, and Office Machine Repairers",Egypt,26
"Computer, Automated Teller, and Office Machine Repairers",Ireland,4583
"Computer, Automated Teller, and Office Machine Repairers",Equatorial Guinea,0
"Computer, Automated Teller, and Office Machine Repairers",Estonia,9
"Computer, Automated Teller, and Office Machine Repairers",Eritrea,0
"Computer, Automated Teller, and Office Machine Repairers",El Salvador,8
"Computer, Automated Teller, and Office Machine Repairers",Ethiopia,5
"Computer, Automated Teller, and Office Machine Repairers",Europa Island,0
"Computer, Automated Teller, and Office Machine Repairers",Czech Republic,86
"Computer, Automated Teller, and Office Machine Repairers",French Guiana,0
"Computer, Automated Teller, and Office Machine Repairers",Finland,46
"Computer, Automated Teller, and Office Machine Repairers",Fiji,1
"Computer, Automated Teller, and Office Machine Repairers",Falkland Islands,0
"Computer, Automated Teller, and Office Machine Repairers",Federated States of Micronesia,1
"Computer, Automated Teller, and Office Machine Repairers",Faroe Islands,0
"Computer, Automated Teller, and Office Machine Repairers",French Polynesia,0
"Computer, Automated Teller, and Office Machine Repairers",Baker Island,0
"Computer, Automated Teller, and Office Machine Repairers",France,3733
"Computer, Automated Teller, and Office Machine Repairers",French Southern and Antarctic Lands,0
"Computer, Automated Teller, and Office Machine Repairers",Gambia,0
"Computer, Automated Teller, and Office Machine Repairers",Gabon,8
"Computer, Automated Teller, and Office Machine Repairers",Georgia,1
"Computer, Automated Teller, and Office Machine Repairers",Ghana,4
"Computer, Automated Teller, and Office Machine Repairers",Gibraltar,2
"Computer, Automated Teller, and Office Machine Repairers",Grenada,0
"Computer, Automated Teller, and Office Machine Repairers",Guernsey,0
"Computer, Automated Teller, and Office Machine Repairers",Greenland,0
"Computer, Automated Teller, and Office Machine Repairers",Germany,15570
"Computer, Automated Teller, and Office Machine Repairers",Glorioso Islands,0
"Computer, Automated Teller, and Office Machine Repairers",Guadeloupe,0
"Computer, Automated Teller, and Office Machine Repairers",Guam,1
"Computer, Automated Teller, and Office Machine Repairers",Greece,53
"Computer, Automated Teller, and Office Machine Repairers",Guatemala,3
"Computer, Automated Teller, and Office Machine Repairers",Guinea,0
"Computer, Automated Teller, and Office Machine Repairers",Guyana,0
"Computer, Automated Teller, and Office Machine Repairers",Gaza Strip,0
"Computer, Automated Teller, and Office Machine Repairers",Haiti,2
"Computer, Automated Teller, and Office Machine Repairers",Hong Kong,2334
"Computer, Automated Teller, and Office Machine Repairers",Heard Island and McDonald Islands,0
"Computer, Automated Teller, and Office Machine Repairers",Honduras,3
"Computer, Automated Teller, and Office Machine Repairers",Howland Island,0
"Computer, Automated Teller, and Office Machine Repairers",Croatia,13
"Computer, Automated Teller, and Office Machine Repairers",Hungary,69
"Computer, Automated Teller, and Office Machine Repairers",Iceland,1
"Computer, Automated Teller, and Office Machine Repairers",Indonesia,614
"Computer, Automated Teller, and Office Machine Repairers",Isle of Man,0
"Computer, Automated Teller, and Office Machine Repairers",India,7283
"Computer, Automated Teller, and Office Machine Repairers",British Indian Ocean Territory,0
"Computer, Automated Teller, and Office Machine Repairers",Clipperton Island,0
"Computer, Automated Teller, and Office Machine Repairers",Iran,2
"Computer, Automated Teller, and Office Machine Repairers",Israel,531
"Computer, Automated Teller, and Office Machine Repairers",Italy,3035
"Computer, Automated Teller, and Office Machine Repairers",Cote d'Ivoire,3
"Computer, Automated Teller, and Office Machine Repairers",Iraq,8
"Computer, Automated Teller, and Office Machine Repairers",Japan,35
"Computer, Automated Teller, and Office Machine Repairers",Jersey,0
"Computer, Automated Teller, and Office Machine Repairers",Jamaica,2
"Computer, Automated Teller, and Office Machine Repairers",Jan Mayen,0
"Computer, Automated Teller, and Office Machine Repairers",Jordan,8
"Computer, Automated Teller, and Office Machine Repairers",Johnston Atoll,0
"Computer, Automated Teller, and Office Machine Repairers",Juan de Nova Island,0
"Computer, Automated Teller, and Office Machine Repairers",Kenya,21
"Computer, Automated Teller, and Office Machine Repairers",Kyrgyzstan,1
"Computer, Automated Teller, and Office Machine Repairers",North Korea,0
"Computer, Automated Teller, and Office Machine Repairers",Kingman Reef,0
"Computer, Automated Teller, and Office Machine Repairers",Kiribati,0
"Computer, Automated Teller, and Office Machine Repairers",South Korea,17
"Computer, Automated Teller, and Office Machine Repairers",Christmas Island,0
"Computer, Automated Teller, and Office Machine Repairers",Kuwait,11
"Computer, Automated Teller, and Office Machine Repairers",Kazakhstan,1
"Computer, Automated Teller, and Office Machine Repairers",Laos,0
"Computer, Automated Teller, and Office Machine Repairers",Lebanon,13
"Computer, Automated Teller, and Office Machine Repairers",Latvia,5
"Computer, Automated Teller, and Office Machine Repairers",Lithuania,10
"Computer, Automated Teller, and Office Machine Repairers",Liberia,3
"Computer, Automated Teller, and Office Machine Repairers",Slovakia,33
"Computer, Automated Teller, and Office Machine Repairers",Palmyra Atoll,0
"Computer, Automated Teller, and Office Machine Repairers",Liechtenstein,3
"Computer, Automated Teller, and Office Machine Repairers",Lesotho,1
"Computer, Automated Teller, and Office Machine Repairers",Luxembourg,33
"Computer, Automated Teller, and Office Machine Repairers",Libya,0
"Computer, Automated Teller, and Office Machine Repairers",Madagascar,0
"Computer, Automated Teller, and Office Machine Repairers",Martinique,0
"Computer, Automated Teller, and Office Machine Repairers",Macau,0
"Computer, Automated Teller, and Office Machine Repairers",Moldova,2
"Computer, Automated Teller, and Office Machine Repairers",Mayotte,1
"Computer, Automated Teller, and Office Machine Repairers",Mongolia,0
"Computer, Automated Teller, and Office Machine Repairers",Montserrat,0
"Computer, Automated Teller, and Office Machine Repairers",Malawi,0
"Computer, Automated Teller, and Office Machine Repairers",Montenegro,0
"Computer, Automated Teller, and Office Machine Repairers",Republic of Macedonia,4
"Computer, Automated Teller, and Office Machine Repairers",Mali,1
"Computer, Automated Teller, and Office Machine Repairers",Monaco,0
"Computer, Automated Teller, and Office Machine Repairers",Morocco,5
"Computer, Automated Teller, and Office Machine Repairers",Mauritius,3
"Computer, Automated Teller, and Office Machine Repairers",Midway Islands,0
"Computer, Automated Teller, and Office Machine Repairers",Mauritania,1
"Computer, Automated Teller, and Office Machine Repairers",Malta,5
"Computer, Automated Teller, and Office Machine Repairers",Oman,2
"Computer, Automated Teller, and Office Machine Repairers",Maldives,0
"Computer, Automated Teller, and Office Machine Repairers",Mexico,2549
"Computer, Automated Teller, and Office Machine Repairers",Malaysia,570
"Computer, Automated Teller, and Office Machine Repairers",Mozambique,6
"Computer, Automated Teller, and Office Machine Repairers",New Caledonia,1
"Computer, Automated Teller, and Office Machine Repairers",Niue,0
"Computer, Automated Teller, and Office Machine Repairers",Norfolk Island,0
"Computer, Automated Teller, and Office Machine Repairers",Niger,47
"Computer, Automated Teller, and Office Machine Repairers",Vanuatu,0
"Computer, Automated Teller, and Office Machine Repairers",Nigeria,23
"Computer, Automated Teller, and Office Machine Repairers",Netherlands,14995
"Computer, Automated Teller, and Office Machine Repairers",No Man's Land,0
"Computer, Automated Teller, and Office Machine Repairers",Norway,24
"Computer, Automated Teller, and Office Machine Repairers",Nepal,1
"Computer, Automated Teller, and Office Machine Repairers",Nauru,0
"Computer, Automated Teller, and Office Machine Repairers",Suriname,0
"Computer, Automated Teller, and Office Machine Repairers",Netherlands Antilles,1
"Computer, Automated Teller, and Office Machine Repairers",Nicaragua,1
"Computer, Automated Teller, and Office Machine Repairers",New Zealand,225
"Computer, Automated Teller, and Office Machine Repairers",Paraguay,0
"Computer, Automated Teller, and Office Machine Repairers",Pitcairn Islands,0
"Computer, Automated Teller, and Office Machine Repairers",Peru,7
"Computer, Automated Teller, and Office Machine Repairers",Paracel Islands,0
"Computer, Automated Teller, and Office Machine Repairers",Spratly Islands,0
"Computer, Automated Teller, and Office Machine Repairers",Pakistan,65
"Computer, Automated Teller, and Office Machine Repairers",Poland,625
"Computer, Automated Teller, and Office Machine Repairers",Panama,1
"Computer, Automated Teller, and Office Machine Repairers",Portugal,1306
"Computer, Automated Teller, and Office Machine Repairers",Papua New Guinea,0
"Computer, Automated Teller, and Office Machine Repairers",Palau,0
"Computer, Automated Teller, and Office Machine Repairers",Guinea-Bissau,2
"Computer, Automated Teller, and Office Machine Repairers",Qatar,7
"Computer, Automated Teller, and Office Machine Repairers",Serbia,26
"Computer, Automated Teller, and Office Machine Repairers",Reunion,0
"Computer, Automated Teller, and Office Machine Repairers",Marshall Islands,1
"Computer, Automated Teller, and Office Machine Repairers",Romania,208
"Computer, Automated Teller, and Office Machine Repairers",Philippines,462
"Computer, Automated Teller, and Office Machine Repairers",Russia,47
"Computer, Automated Teller, and Office Machine Repairers",Rwanda,1
"Computer, Automated Teller, and Office Machine Repairers",Saudi Arabia,48
"Computer, Automated Teller, and Office Machine Repairers",Saint Pierre and Miquelon,0
"Computer, Automated Teller, and Office Machine Repairers",Saint Kitts and Nevis,2
"Computer, Automated Teller, and Office Machine Repairers",Seychelles,3
"Computer, Automated Teller, and Office Machine Repairers",South Africa,485
"Computer, Automated Teller, and Office Machine Repairers",Senegal,85
"Computer, Automated Teller, and Office Machine Repairers",Saint Helena,0
"Computer, Automated Teller, and Office Machine Repairers",Slovenia,2
"Computer, Automated Teller, and Office Machine Repairers",Sierra Leone,3
"Computer, Automated Teller, and Office Machine Repairers",San Marino,0
"Computer, Automated Teller, and Office Machine Repairers",Singapore,1150
"Computer, Automated Teller, and Office Machine Repairers",Somalia,2
"Computer, Automated Teller, and Office Machine Repairers",Spain,2566
"Computer, Automated Teller, and Office Machine Repairers",Saint Lucia,1
"Computer, Automated Teller, and Office Machine Repairers",Sudan,14
"Computer, Automated Teller, and Office Machine Repairers",Svalbard,0
"Computer, Automated Teller, and Office Machine Repairers",Sweden,361
"Computer, Automated Teller, and Office Machine Repairers",South Georgia and the Islands,0
"Computer, Automated Teller, and Office Machine Repairers",Syria,4
"Computer, Automated Teller, and Office Machine Repairers",Switzerland,2556
"Computer, Automated Teller, and Office Machine Repairers",Trinidad and Tobago,0
"Computer, Automated Teller, and Office Machine Repairers",Tromelin Island,0
"Computer, Automated Teller, and Office Machine Repairers",Thailand,52
"Computer, Automated Teller, and Office Machine Repairers",Tajikistan,2
"Computer, Automated Teller, and Office Machine Repairers",Turks and Caicos Islands,0
"Computer, Automated Teller, and Office Machine Repairers",Tokelau,0
"Computer, Automated Teller, and Office Machine Repairers",Tonga,0
"Computer, Automated Teller, and Office Machine Repairers",Togo,1
"Computer, Automated Teller, and Office Machine Repairers",Sao Tome and Principe,0
"Computer, Automated Teller, and Office Machine Repairers",Tunisia,7
"Computer, Automated Teller, and Office Machine Repairers",East Timor,0
"Computer, Automated Teller, and Office Machine Repairers",Turkey,84
"Computer, Automated Teller, and Office Machine Repairers",Tuvalu,0
"Computer, Automated Teller, and Office Machine Repairers",Taiwan,32
"Computer, Automated Teller, and Office Machine Repairers",Turkmenistan,0
"Computer, Automated Teller, and Office Machine Repairers",Tanzania,2
"Computer, Automated Teller, and Office Machine Repairers",Uganda,5
"Computer, Automated Teller, and Office Machine Repairers",Ukraine,55
"Computer, Automated Teller, and Office Machine Repairers",Burkina Faso,3
"Computer, Automated Teller, and Office Machine Repairers",Uruguay,2
"Computer, Automated Teller, and Office Machine Repairers",Uzbekistan,10
"Computer, Automated Teller, and Office Machine Repairers",Saint Vincent and the Grenadines,0
"Computer, Automated Teller, and Office Machine Repairers",Venezuela,2
"Computer, Automated Teller, and Office Machine Repairers",British Virgin Islands,0
"Computer, Automated Teller, and Office Machine Repairers",Vietnam,38
"Computer, Automated Teller, and Office Machine Repairers",Virgin Islands (US),0
"Computer, Automated Teller, and Office Machine Repairers",Vatican City,0
"Computer, Automated Teller, and Office Machine Repairers",Namibia,1
"Computer, Automated Teller, and Office Machine Repairers",West Bank,2
"Computer, Automated Teller, and Office Machine Repairers",Wallis and Futuna,0
"Computer, Automated Teller, and Office Machine Repairers",Western Sahara,0
"Computer, Automated Teller, and Office Machine Repairers",Wake Island,0
"Computer, Automated Teller, and Office Machine Repairers",Samoa,0
"Computer, Automated Teller, and Office Machine Repairers",Swaziland,0
"Computer, Automated Teller, and Office Machine Repairers",Yemen,0
"Computer, Automated Teller, and Office Machine Repairers",Zambia,2
"Computer, Automated Teller, and Office Machine Repairers",Zimbabwe,2
"Computer, Automated Teller, and Office Machine Repairers",Akrotiri,0
"Computer, Automated Teller, and Office Machine Repairers",Kosovo,0
"Computer, Automated Teller, and Office Machine Repairers",Saint Martin,0
Food Batchmakers,United States,4
Food Batchmakers,United Kingdom,0
Food Batchmakers,Canada,0
Food Batchmakers,Aruba,0
Food Batchmakers,Antigua and Barbuda,0
Food Batchmakers,United Arab Emirates,0
Food Batchmakers,Afghanistan,0
Food Batchmakers,Algeria,0
Food Batchmakers,Azerbaijan,0
Food Batchmakers,Albania,0
Food Batchmakers,Armenia,0
Food Batchmakers,Andorra,0
Food Batchmakers,Angola,0
Food Batchmakers,American Samoa,0
Food Batchmakers,Argentina,0
Food Batchmakers,Australia,0
Food Batchmakers,Ashmore and Cartier Islands,0
Food Batchmakers,Austria,0
Food Batchmakers,Anguilla,0
Food Batchmakers,Antarctica,0
Food Batchmakers,Bahrain,0
Food Batchmakers,Barbados,0
Food Batchmakers,Botswana,0
Food Batchmakers,Bermuda,0
Food Batchmakers,Belgium,0
Food Batchmakers,Bahamas,0
Food Batchmakers,Bangladesh,0
Food Batchmakers,Belize,0
Food Batchmakers,Bosnia and Herzegovina,0
Food Batchmakers,Bolivia,0
Food Batchmakers,Burma,0
Food Batchmakers,Benin,0
Food Batchmakers,Belarus,0
Food Batchmakers,Solomon Islands,0
Food Batchmakers,Navassa Island,0
Food Batchmakers,Brazil,0
Food Batchmakers,Bassas da India,0
Food Batchmakers,Bhutan,0
Food Batchmakers,Bulgaria,0
Food Batchmakers,Bouvet Island,0
Food Batchmakers,Brunei,0
Food Batchmakers,Burundi,0
Food Batchmakers,Cambodia,0
Food Batchmakers,Chad,0
Food Batchmakers,Sri Lanka,0
Food Batchmakers,Republic of Congo,0
Food Batchmakers,Democratic Republic of Congo,0
Food Batchmakers,China,0
Food Batchmakers,Chile,0
Food Batchmakers,Cayman Islands,0
Food Batchmakers,Cocos (Keeling) Islands,0
Food Batchmakers,Cameroon,0
Food Batchmakers,Comoros,0
Food Batchmakers,Colombia,0
Food Batchmakers,Northern Mariana Islands,0
Food Batchmakers,Coral Sea Islands,0
Food Batchmakers,Costa Rica,0
Food Batchmakers,Central African Republic,0
Food Batchmakers,Cuba,0
Food Batchmakers,Cape Verde,0
Food Batchmakers,Cook Islands,0
Food Batchmakers,Cyprus,0
Food Batchmakers,Denmark,0
Food Batchmakers,Djibouti,0
Food Batchmakers,Dominica,0
Food Batchmakers,Jarvis Island,0
Food Batchmakers,Dominican Republic,0
Food Batchmakers,Ecuador,0
Food Batchmakers,Egypt,0
Food Batchmakers,Ireland,0
Food Batchmakers,Equatorial Guinea,0
Food Batchmakers,Estonia,0
Food Batchmakers,Eritrea,0
Food Batchmakers,El Salvador,0
Food Batchmakers,Ethiopia,0
Food Batchmakers,Europa Island,0
Food Batchmakers,Czech Republic,0
Food Batchmakers,French Guiana,0
Food Batchmakers,Finland,0
Food Batchmakers,Fiji,0
Food Batchmakers,Falkland Islands,0
Food Batchmakers,Federated States of Micronesia,0
Food Batchmakers,Faroe Islands,0
Food Batchmakers,French Polynesia,0
Food Batchmakers,Baker Island,0
Food Batchmakers,France,0
Food Batchmakers,French Southern and Antarctic Lands,0
Food Batchmakers,Gambia,0
Food Batchmakers,Gabon,0
Food Batchmakers,Georgia,0
Food Batchmakers,Ghana,0
Food Batchmakers,Gibraltar,0
Food Batchmakers,Grenada,0
Food Batchmakers,Guernsey,0
Food Batchmakers,Greenland,0
Food Batchmakers,Germany,0
Food Batchmakers,Glorioso Islands,0
Food Batchmakers,Guadeloupe,0
Food Batchmakers,Guam,0
Food Batchmakers,Greece,0
Food Batchmakers,Guatemala,0
Food Batchmakers,Guinea,0
Food Batchmakers,Guyana,0
Food Batchmakers,Gaza Strip,0
Food Batchmakers,Haiti,0
Food Batchmakers,Hong Kong,0
Food Batchmakers,Heard Island and McDonald Islands,0
Food Batchmakers,Honduras,0
Food Batchmakers,Howland Island,0
Food Batchmakers,Croatia,0
Food Batchmakers,Hungary,0
Food Batchmakers,Iceland,0
Food Batchmakers,Indonesia,0
Food Batchmakers,Isle of Man,0
Food Batchmakers,India,0
Food Batchmakers,British Indian Ocean Territory,0
Food Batchmakers,Clipperton Island,0
Food Batchmakers,Iran,0
Food Batchmakers,Israel,0
Food Batchmakers,Italy,0
Food Batchmakers,Cote d'Ivoire,0
Food Batchmakers,Iraq,0
Food Batchmakers,Japan,0
Food Batchmakers,Jersey,0
Food Batchmakers,Jamaica,0
Food Batchmakers,Jan Mayen,0
Food Batchmakers,Jordan,0
Food Batchmakers,Johnston Atoll,0
Food Batchmakers,Juan de Nova Island,0
Food Batchmakers,Kenya,0
Food Batchmakers,Kyrgyzstan,0
Food Batchmakers,North Korea,0
Food Batchmakers,Kingman Reef,0
Food Batchmakers,Kiribati,0
Food Batchmakers,South Korea,0
Food Batchmakers,Christmas Island,0
Food Batchmakers,Kuwait,0
Food Batchmakers,Kazakhstan,0
Food Batchmakers,Laos,0
Food Batchmakers,Lebanon,0
Food Batchmakers,Latvia,0
Food Batchmakers,Lithuania,0
Food Batchmakers,Liberia,0
Food Batchmakers,Slovakia,0
Food Batchmakers,Palmyra Atoll,0
Food Batchmakers,Liechtenstein,0
Food Batchmakers,Lesotho,0
Food Batchmakers,Luxembourg,0
Food Batchmakers,Libya,0
Food Batchmakers,Madagascar,0
Food Batchmakers,Martinique,0
Food Batchmakers,Macau,0
Food Batchmakers,Moldova,0
Food Batchmakers,Mayotte,0
Food Batchmakers,Mongolia,0
Food Batchmakers,Montserrat,0
Food Batchmakers,Malawi,0
Food Batchmakers,Montenegro,0
Food Batchmakers,Republic of Macedonia,0
Food Batchmakers,Mali,0
Food Batchmakers,Monaco,0
Food Batchmakers,Morocco,0
Food Batchmakers,Mauritius,0
Food Batchmakers,Midway Islands,0
Food Batchmakers,Mauritania,0
Food Batchmakers,Malta,0
Food Batchmakers,Oman,0
Food Batchmakers,Maldives,0
Food Batchmakers,Mexico,0
Food Batchmakers,Malaysia,0
Food Batchmakers,Mozambique,0
Food Batchmakers,New Caledonia,0
Food Batchmakers,Niue,0
Food Batchmakers,Norfolk Island,0
Food Batchmakers,Niger,0
Food Batchmakers,Vanuatu,0
Food Batchmakers,Nigeria,0
Food Batchmakers,Netherlands,0
Food Batchmakers,No Man's Land,0
Food Batchmakers,Norway,0
Food Batchmakers,Nepal,0
Food Batchmakers,Nauru,0
Food Batchmakers,Suriname,0
Food Batchmakers,Netherlands Antilles,0
Food Batchmakers,Nicaragua,0
Food Batchmakers,New Zealand,0
Food Batchmakers,Paraguay,0
Food Batchmakers,Pitcairn Islands,0
Food Batchmakers,Peru,0
Food Batchmakers,Paracel Islands,0
Food Batchmakers,Spratly Islands,0
Food Batchmakers,Pakistan,0
Food Batchmakers,Poland,0
Food Batchmakers,Panama,0
Food Batchmakers,Portugal,0
Food Batchmakers,Papua New Guinea,0
Food Batchmakers,Palau,0
Food Batchmakers,Guinea-Bissau,0
Food Batchmakers,Qatar,0
Food Batchmakers,Serbia,0
Food Batchmakers,Reunion,0
Food Batchmakers,Marshall Islands,0
Food Batchmakers,Romania,0
Food Batchmakers,Philippines,0
Food Batchmakers,Russia,0
Food Batchmakers,Rwanda,0
Food Batchmakers,Saudi Arabia,0
Food Batchmakers,Saint Pierre and Miquelon,0
Food Batchmakers,Saint Kitts and Nevis,0
Food Batchmakers,Seychelles,0
Food Batchmakers,South Africa,0
Food Batchmakers,Senegal,0
Food Batchmakers,Saint Helena,0
Food Batchmakers,Slovenia,0
Food Batchmakers,Sierra Leone,0
Food Batchmakers,San Marino,0
Food Batchmakers,Singapore,0
Food Batchmakers,Somalia,0
Food Batchmakers,Spain,0
Food Batchmakers,Saint Lucia,0
Food Batchmakers,Sudan,0
Food Batchmakers,Svalbard,0
Food Batchmakers,Sweden,0
Food Batchmakers,South Georgia and the Islands,0
