Tech process,Category
accounting & finance,tech practices
accounting,tech practices
finance,tech practices
small business bookkeeping software,tech practices
accounting software for the self-employed,tech practices
free accounting software,tech practices
accounting practice management,tech practices
budgeting & tracking,tech practices
compliance,tech practices
financial reporting,tech practices
fraud detection,tech practices
investment management,tech practices
loan management,tech practices
payments & invoicing,tech practices
free invoicing software,tech practices
invoicing software for contractors & freelancers,tech practices
invoicing software for small businesses,tech practices
purchasing & expenses,tech practices
free expense reporting software,tech practices
risk management,tech practices
stock trading & fx,tech practices
tax management,tech practices
analytics & intelligence,tech practices
a/b testing,tech practices
analytics,tech practices
data visualization,tech practices
dictation,tech practices
mobile analytics,tech practices
predictive analytics,tech practices
reporting dashboard,tech practices
session recording,tech practices
web analytics,tech practices
collaboration,tech practices
board management,tech practices
calendar & scheduling,tech practices
scheduling software for small business,tech practices
scheduling software for construction,tech practices
free appointment scheduling software,tech practices
digital asset management,tech practices
document generation,tech practices
document management,tech practices
file transfer & sharing,tech practices
ideas management,tech practices
instant messaging & chat,tech practices
knowledge management,tech practices
mindmapping,tech practices
project collaboration,tech practices
spreadsheet,tech practices
webinar,tech practices
communication,tech practices
auto dialer,tech practices
call center management,tech practices
call center software for small business,tech practices
email,tech practices
fax services,tech practices
internal communications,tech practices
mobile,tech practices
presentation,tech practices
telephony,tech practices
unified communications,tech practices
video conferencing,tech practices
voip,tech practices
customer service & crm,tech practices
appointment systems,tech practices
contact center management,tech practices
single user crms,tech practices
lightweight crms,tech practices
comprehensive crms,tech practices
crms built for gsuite,tech practices
crm for small business,tech practices
crm for real estate,tech practices
free crm software,tech practices
crm software for sales,tech practices
open-source crm software,tech practices
customer chat,tech practices
customer engagement,tech practices
customer experience,tech practices
customer service software for small business,tech practices
feedback management,tech practices
loyalty & membership,tech practices
remote support,tech practices
reservations & online bookings,tech practices
support & helpdesk,tech practices
survey & polling,tech practices
ticketing & help desk,tech practices
visitor management,tech practices
design & multimedia,tech practices
3d printing,tech practices
content production & management,tech practices
graphic design,tech practices
image editing,tech practices
infographics / charts,tech practices
library systems,tech practices
logo design,tech practices
media stock files,tech practices
video editing & 3d,tech practices
education & learning,tech practices
authoring tools,tech practices
corporate training software,tech practices
learning record store,tech practices
learn to code,tech practices
moocs,tech practices
mooc,tech practices
startups / business,tech practices
human resources,tech practices
360 degree feedback,tech practices
absence & leave management,tech practices
applicant tracking,tech practices
attendance tracking & time clock,tech practices
time tracking software for freelancers,tech practices
benefits management,tech practices
compensation management,tech practices
employee monitoring,tech practices
employee wellness,tech practices
hr scheduling,tech practices
free scheduling software,tech practices
hr software for small business,tech practices
org chart,tech practices
payroll management,tech practices
performance & appraisal,tech practices
recruiting & applications,tech practices
recruitment testing,tech practices
training and onboarding,tech practices
video interview,tech practices
workforce management,tech practices
mobile workforce management software,tech practices
industry specific,tech practices
academia & education,tech practices
architecture,tech practices
cad & cae,tech practices
cannabis,tech practices
car dealer,tech practices
child care,tech practices
church management,tech practices
clinical trial,tech practices
cmms,tech practices
construction,tech practices
corporate real estate management,tech practices
dental,tech practices
donor management,tech practices
electronic medical records,tech practices
entertainment & media,tech practices
financial services,tech practices
fitness & health,tech practices
food & beverage,tech practices
geographic information system,tech practices
healthcare,tech practices
hotel management,tech practices
reservation software for hotels,tech practices
jewellery management,tech practices
legal,tech practices
logistics,tech practices
manufacturing & engineering,tech practices
medical billing,tech practices
nonprofit & volunteering,tech practices
nutrition,tech practices
oil & gas,tech practices
other industries,tech practices
pest control,tech practices
pharmaceutical,tech practices
property management,tech practices
public sector,tech practices
publishing,tech practices
real estate,tech practices
restaurant management,tech practices
inventory management software for restaurants,tech practices
restaurant pos,tech practices
retail,tech practices
safety management,tech practices
salon management,tech practices
school management,tech practices
solar,tech practices
travel & tourism,tech practices
veterinary management,tech practices
it & security,tech practices
api management,tech practices
app builders,tech practices
application lifecycle management,tech practices
application performance monitoring,tech practices
backend / database,tech practices
backup,tech practices
blockchain,tech practices
bug tracking,tech practices
click fraud,tech practices
cm,tech practices
code editors,tech practices
code repository,tech practices
cyber & data security,tech practices
development,tech practices
domains and hosting,tech practices
easy website builders,tech practices
ecommerce solutions,tech practices
ecommerce website builder software,tech practices
ecommerce shopping cart software,tech practices
iaa,tech practices
identity & access management,tech practices
ipaas,tech practices
it change management,tech practices
it management,tech practices
legacy modernization,tech practices
localization,tech practices
managed service providers,tech practices
marketplace,tech practices
middleware,tech practices
mobile device management,tech practices
mockup & prototyping,tech practices
password management,tech practices
platform as a service,tech practices
shopping cart,tech practices
single sign on,tech practices
site search & web forms,tech practices
subscription management,tech practices
system administration,tech practices
testing,tech practices
ui & ux,tech practices
virtual desktop infrastructure,tech practices
virtualization,tech practices
vpn,tech practices
marketing,tech practices
advertising & affiliate,tech practices
affiliate tracking software,tech practices
brand management,tech practices
campaigns & targeting,tech practices
content marketing,tech practices
digital signage,tech practices
email marketing,tech practices
email newsletter software,tech practices
email outreach software,tech practices
trigger & automation software for email marketing,tech practices
smtp services,tech practices
email data software,tech practices
marketing analytics,tech practices
marketing automation,tech practices
pr & outreach,tech practices
referral marketing,tech practices
reputation management,tech practices
seo & sem,tech practices
seo tracking software,tech practices
sms marketing,tech practices
social media scheduling software,tech practices
social media monitoring software,tech practices
social media growth hacking software,tech practices
social media management software,tech practices
miscellaneous,tech practices
other,tech practices
sustainability,tech practices
bookkeeping,tech practices
accounting software,tech practices
budgeting,tech practices
invoicing,tech practices
reporting,tech practices
fx,tech practices
tax,tech practices
foreign exchange,tech practices
scheduling,tech practices
digital asset,tech practices
file transfer,tech practices
instant messaging,tech practices
chat,tech practices
call center,tech practices
fax,tech practices
conference,tech practices
conferencing,tech practices
gsuits,tech practices
open source,tech practices
open-source,tech practices
feedback,tech practices
loyalty,tech practices
membership,tech practices
reservation,tech practices
online booking,tech practices
helpdesk,tech practices
survey,tech practices
polling,tech practices
help desk,tech practices
ticketing,tech practices
content production,tech practices
infographics,tech practices
chart,tech practices
library,tech practices
video editing,tech practices
3d,tech practices
authoring,tech practices
elearning,tech practices
e-learning,tech practices
e-book,tech practices
mooc,tech practices
startup,tech practices
business,tech practices
360 degree,tech practices
360-degree,tech practices
tracking,tech practices
monitoring,tech practices
hr,tech practices
payroll,tech practices
performance,tech practices
performance,tech practices
appraisal,tech practices
recruiting,tech practices
recruitment,tech practices
training,tech practices
onboarding,tech practices
workforce,tech practices
academia,tech practices
cae,tech practices
cad,tech practices
church,tech practices
medical,tech practices
entertainment,tech practices
financial,tech practices
fitness,tech practices
health,tech practices
food,tech practices
beverage,tech practices
geography,tech practices
geographical,tech practices
information system,tech practices
hotel,tech practices
hospitality,tech practices
manufacturing,tech practices
nonprofit,tech practices
volunteering,tech practices
oil,tech practices
gas,tech practices
government,tech practices
inventory,tech practices
safety,tech practices
security,tech practices
travel,tech practices
tourism,tech practices
veterinary,tech practices
application lifecycle,tech practices
performance monitoring,tech practices
backend,tech practices
cyber,tech practices
crypto,tech practices
ecommerce,tech practices
identity,tech practices
access management,tech practices
change management,tech practices
legacy,tech practices
service providers,tech practices
mockup,tech practices
prototyping,tech practices
quick prototyping,tech practices
web form,tech practices
site search,tech practices
ui,tech practices
ux,tech practices
advertising,tech practices
affiliate marketing,tech practices
brand,tech practices
targeting,tech practices
newsletter,tech practices
smtp,tech practices
pr,tech practices
seo,tech practices
sem,tech practices
data-dominant software,tech practices
consumer-oriented software,tech practices
communication and information,tech practices
voice,tech practices
text,tech practices
web browsers,tech practices
"personal information management (calendaring, address book)",tech practices
text editors,tech practices
calculator,tech practices
presentation,tech practices
desktop publishing,tech practices
personal time management,tech practices
entertainment and education,tech practices
courseware,tech practices
game,tech practices
personal management,tech practices
genealogy,tech practices
personal finance,tech practices
personal will,tech practices
tax preparation,tech practices
business-oriented software,tech practices
strategic and operations analysis,tech practices
statistical / risk analysis,tech practices
financial analysis and enterprise resource planning,tech practices
legal analysis / assistance,tech practices
"domain specific database searching (e.g. patent, trademark off-line searches)",tech practices
workforce management (e.g. time and attendance software),tech practices
payroll and human resources management,tech practices
project management / workflow,tech practices
procurement,tech practices
scheduling and logistics,tech practices
medical diagnosis,tech practices
corporate management,tech practices
real-estate management,tech practices
restaurant management / reservations / meal planning,tech practices
sales management,tech practices
hospital management,tech practices
facilities management,tech practices
information management and decision support systems,tech practices
knowledge / records / information management system,tech practices
"product support, help desk system",tech practices
health information / online medical records,tech practices
geographical information systems,tech practices
data mining / business intelligence management systems,tech practices
inventory management,tech practices
order management and billing support,tech practices
bank transaction processing,tech practices
government tax processing,tech practices
"transportation reservation (airline, train, bus)",tech practices
university / school timetabling and registration,tech practices
reward program backends,tech practices
bulk data analysis,tech practices
design and engineering software,tech practices
development environment,tech practices
code-assist,tech practices
implementation tools,tech practices
editor,tech practices
refractoring,tech practices
version control,tech practices
process support tools,tech practices
context-sensitive help,tech practices
plugins,tech practices
prototype,tech practices
interpreter,tech practices
disassemblers,tech practices
"database, development, reporting",tech practices
modeling,tech practices
case tools,tech practices
drafting tools,tech practices
architecture tools,tech practices
cam,tech practices
computer-aided manufacturing,tech practices
engineering analysis,tech practices
benchmark,tech practices
software testing tools,tech practices
information display,tech practices
transaction entry,tech practices
information resources,tech practices
libraries c. maps & travelling,tech practices
contact information software,tech practices
phone book,tech practices
standalone application,tech practices
web app,tech practices
news,tech practices
blogger,tech practices
wordpress,tech practices
message board,tech practices
social networking,tech practices
weather,tech practices
job search,tech practices
map,tech practices
navigation,tech practices
online dictionaries,tech practices
online dictionnary,tech practices
online encyclopedia,tech practices
"online booking (travel, entertainment)",tech practices
online productivity software,tech practices
productivity software,tech practices
website content management,tech practices
web authoring,tech practices
public library systems,tech practices
efinance,tech practices
banking,tech practices
investing,tech practices
money transfer,tech practices
ewallet,tech practices
bitcoin,tech practices
bitwallet,tech practices
coinwallet,tech practices
e-finance,tech practices
e-government,tech practices
e-democracy,tech practices
voting online,tech practices
online voting,tech practices
systems software,tech practices
operating systems,tech practices
accessibility,tech practices
administrator,tech practices
emulation,tech practices
emulator,tech practices
games console,tech practices
virtual machines,tech practices
kernel,tech practices
networking / communications,tech practices
peripheral drivers,tech practices
support utilities,tech practices
anti-virus / anti-spyware / firewalls,tech practices
authentication tools,tech practices
"backup, recovery, storage",tech practices
compression / decompression,tech practices
data format conversion,tech practices
diagnostic / process viewer / activity monitor,tech practices
disk maintenance,tech practices
encryption / decryption,tech practices
failure diagnosis,tech practices
logging and log analysis,nan
screen capture,tech practices
network traffic monitor,tech practices
software installer / uninstaller,tech practices
tunnelled communication network client (e.g. vpn),tech practices
wireless utilities,tech practices
middleware and system components,tech practices
database servers,tech practices
graphics packages / rendering engines,tech practices
interoperability infrastructures,tech practices
ui support software,tech practices
windowing system servers,tech practices
software backplanes,tech practices
eclipse,tech practices
email servers,tech practices
im servers,tech practices
load balancers,tech practices
proxy servers,tech practices
web,tech practices
other daemon processes,tech practices
key loggers,tech practices
virus,tech practices
control-dominant software,tech practices
hardware control,tech practices
dvd,tech practices
firmware,tech practices
soft-loadable,tech practices
e-voting,tech practices
device control,tech practices
embedded software,tech practices
real time control software,tech practices
process control,tech practices
computation-dominant software,tech practices
operations research,tech practices
simulation software,tech practices
inventory control,tech practices
sales forecasting,tech practices
search engine processing,tech practices
artistic creativity,tech practices
graphics editing,tech practices
image manipulation,tech practices
photo manipulation,tech practices
audio sythesis,tech practices
movie creation,tech practices
movie production,tech practices
film creation,tech practices
film production,tech practices
scientific software,tech practices
idle-time data analysis,tech practices
signal analysis software,tech practices
image processing,tech practices
computer vision,tech practices
agent,tech practices
virtual reality,tech practices
robotics / cybernetics,tech practices
freeware/shareware,tech practices
psychology,tech practices
sociology,tech practices
military,tech practices
chemistry,tech practices
earth sciences,tech practices
atmospheric sciences,tech practices
biology and genetics,tech practices
physic,tech practices
aerospace,tech practices
archaeology,tech practices
astronomy,tech practices
mobile computing,tech practices
ftp,tech practices
document sharing,tech practices
spreadsheet,tech practices
powerpoint,tech practices
ilife,tech practices
media player,tech practices
animation,tech practices
legal assistance,tech practices
tracking software,tech practices
operation analysis,tech practices
statistical,tech practices
statistic,tech practices
risk analysis,tech practices
patent,tech practices
trademark,tech practices
legal analysis,tech practices
workflow,tech practices
data maning,tech practices
bi,tech practices
configuration managment,tech practices
debugger,tech practices
online dictionary,tech practices
publishing software,tech practices
egovernment,tech practices
edemocracy,tech practices
civic tech,tech practices
political tech,tech practices
operating system,tech practices
qnx,tech practices
anti-virus,tech practices
antivirus,tech practices
encryption,tech practices
decryption,tech practices
software installer,tech practices
installer,tech practices
uninstaller,tech practices
system component,tech practices
system components,tech practices
rendering engines,tech practices
graphics package,tech practices
graphics packages,tech practices
software backplane,tech practices
content server,tech practices
content servers,tech practices
trojan,tech practices
air traffic control,tech practices
indutrial process,tech practices
nuclear plants,tech practices
travelling salesman,tech practices
computer science hard problem,tech practices
computer science hard problems,tech practices
budget management,tech practices
budget generation,tech practices
audio editing,tech practices
music composition,tech practices
audio synthesis,tech practices
surveillance,tech practices
seti,tech practices
idle-time,tech practices
cybernetics,tech practices
activation function,tech practices
convolutional neural network,tech practices
convolutional neural networks,tech practices
cnn,tech practices
cost function,tech practices
data storytelling,tech practices
tell story with data,tech practices
tell stories with data,tech practices
dataops,tech practices
mlops,tech practices
aiops,tech practices
machine learning in production,tech practices
docker,tech practices
docker container,tech practices
explainability,tech practices
explainable ai,tech practices
reversedtime attention model,tech practices
local interpretable model-agnostic explanation,tech practices
local interpretable model-agnostic explanations,tech practices
model-agnostic,tech practices
lime,tech practices
layer-wise relevance propagaion,tech practices
lrp,tech practices
gradient descent,tech practices
gpu,tech practices
gpu acceleration,tech practices
h2o.ai,tech practices
jupyter,tech practices
big data strategies,tech practices
content analytics,tech practices
data analytics strategies,tech practices
business analytics solutions,tech practices
software market solutions,tech practices
data as a service,tech practices
data integration and integrity software,tech practices
digital monetization,tech practices
digital business models,tech practices
digital commerce,tech practices
digital experience management,tech practices
endpoint security,tech practices
enterprise applications,tech practices
enterprise content strategies,tech practices
enterprise mobility,tech practices
enterprise private cloud,tech practices
enterprise system management,tech practices
saas,tech practices
artificial intelligence systems,tech practices
executive information,tech practices
digital trust,tech practices
digital safety,tech practices
process automation,tech practices
digital ntelligence,tech practices
virtualization software,tech practices
marketing solutions,tech practices
marketing product,tech practices
sales solution,tech practices
sales product,tech practices
network security,tech practices
security analytics,tech practices
security products,tech practices
security response,tech practices
security orchestration,tech practices
network intelligence,tech practices
software channels,tech practices
software ecosystem,tech practices
software-defined compute,tech practices
software overview,tech practices
storage software,tech practices
strategic alliances,tech practices
advertising software,tech practices
analytic applications,tech practices
application development software,tech practices
application server middleware,tech practices
archiving software,tech practices
quality assurance,tech practices
automated software quality,tech practices
availability software,tech practices
clustering software,tech practices
collaborative applications,tech practices
data delivery,tech practices
data access,tech practices
recovery software,tech practices
 and recovery software,tech practices
engineering applications,tech practices
enterprise asset management,tech practices
file system software,tech practices
financial resource management,tech practices
human capital management,tech practices
identity and access management,tech practices
integration,tech practices
process automation middleware,tech practices
managed file transfer software,tech practices
non-relational database management systems,tech practices
operating subsystems,tech practices
manufacturing applications,tech practices
order management,tech practices
relational database management,tech practices
data discovery,tech practices
threat management,tech practices
secure content,tech practices
vulnerability management,tech practices
software configuration,tech practices
supply chain management,tech practices
system and network management,tech practices
virtual machine software,tech practices
ai,tech practices
business analytics,tech practices
sofware market solutions,tech practices
cloud,tech practices
customer care,tech practices
daas,tech practices
usability,tech practices
adaptive design,tech practices
dasboard design,tech practices
data-driven design,tech practices
design animation,tech practices
design principle,tech practices
design principles,tech practices
design sprint,tech practices
dev sprint,tech practices
development sprint,tech practices
user story,tech practices
user stories,tech practices
freehand design,tech practices
human-centered design,tech practices
interaction design,tech practices
minimum viable product,tech practices
mobile app,tech practices
demo,tech practices
responsive design,tech practices
user flow,tech practices
taxonomy,tech practices
taxonomy,tech practices
wireframe,tech practices
wireframes,tech practices
hci,tech practices
product plan,tech practices
product strategy,tech practices
dual-track development,tech practices
psychographics,tech practices
consumer need,tech practices
consumer needs,tech practices
product-market fit,tech practices
storyboard,tech practices
product spec,tech practices
product specs,tech practices
user persona,tech practices
user experience,tech practices
user-centric design,tech practices
apha testing,tech practices
beta testing,tech practices
critical path,tech practices
s-curve,tech practices
kanban,tech practices
sprint,tech practices
product road map,tech practices
product roadmap,tech practices
aci worldwide,tech practices
agriculture,tech platforms
agritech,tech platforms
fintech,tech platforms
adtech,tech platforms
proptech,tech platforms
healthtech,tech platforms
